LineItem,GrandParent,Parent
TOTAL COST OF GOODS SOLD,COST OF GOODS SOLD,TOTAL COST OF GOODS SOLD
GROSS PROFIT,GROSS PROFIT,GROSS PROFIT
TOTAL STAFF COST,TOTAL STAFF COST,TOTAL STAFF COST
Revenue - Other,REVENUE,REVENUE
Revenue - Food,REVENUE,REVENUE
Revenue - NA Beverages,REVENUE,REVENUE
Revenue - Wines,REVENUE,REVENUE
Revenue - Liquor,REVENUE,REVENUE
Revenue - Beer,REVENUE,REVENUE
Revenue - Retails,REVENUE,REVENUE
Revenue - Sake,REVENUE,REVENUE
Revenue - Comps,REVENUE,REVENUE
Revenue - 3rd Party Diff,REVENUE,REVENUE
Fees Income,REVENUE,REVENUE
TOTAL OPERATING EXPENSES,TOTAL OPERATING EXPENSES,TOTAL OPERATING EXPENSES
EBITDA,EBITDA,EBITDA
PROFIT BEFORE TAX & DEPRECIATION,PROFIT BEFORE TAX & DEPRECIATION,PROFIT BEFORE TAX & DEPRECIATION
P & L Depreciation,P & L Depreciation & Amortization,P & L Depreciation
P & L Amortization,P & L Depreciation & Amortization,P & L Amortization
NET PROFIT/(LOSS),NET PROFIT/(LOSS),NET PROFIT/(LOSS)
Total Cost of Sales - Food,COST OF GOODS SOLD,Total Cost of Sales - Food
Total Cost of Sales - Food,COST OF GOODS SOLD,Total Cost of Sales - Food
Total Cost of Sales - Food,COST OF GOODS SOLD,Total Cost of Sales - Food
Total Cost of Sales - NA Beverages,COST OF GOODS SOLD,Total Cost of Sales - NA Beverages
Total Cost of Sales - NA Beverages,COST OF GOODS SOLD,Total Cost of Sales - NA Beverages
Total Cost of Sales - NA Beverages,COST OF GOODS SOLD,Total Cost of Sales - NA Beverages
Total Cost of Sales - Other Beverages,COST OF GOODS SOLD,Total Cost of Sales - Other Beverages
Total Cost of Sales - Other Beverages,COST OF GOODS SOLD,Total Cost of Sales - Other Beverages
Total Cost of Sales - Other Beverages,COST OF GOODS SOLD,Total Cost of Sales - Other Beverages
Total Cost of Sales - Wine,COST OF GOODS SOLD,Total Cost of Sales - Wine
Total Cost of Sales - Wine,COST OF GOODS SOLD,Total Cost of Sales - Wine
Total Cost of Sales - Wine,COST OF GOODS SOLD,Total Cost of Sales - Wine
Total Cost of Sales - Liquor,COST OF GOODS SOLD,Total Cost of Sales - Liquor
Total Cost of Sales - Liquor,COST OF GOODS SOLD,Total Cost of Sales - Liquor
Total Cost of Sales - Liquor,COST OF GOODS SOLD,Total Cost of Sales - Liquor
Total Cost of Sales - Beer,COST OF GOODS SOLD,Total Cost of Sales - Beer
Total Cost of Sales - Beer,COST OF GOODS SOLD,Total Cost of Sales - Beer
Total Cost of Sales - Beer,COST OF GOODS SOLD,Total Cost of Sales - Beer
Total Cost of Sales - Sake,COST OF GOODS SOLD,Total Cost of Sales - Sake
Total Cost of Sales - Sake,COST OF GOODS SOLD,Total Cost of Sales - Sake
Total Cost of Sales - Sake,COST OF GOODS SOLD,Total Cost of Sales - Sake
Total Cost of Sales - Retails,COST OF GOODS SOLD,Total Cost of Sales - Retails
Total Cost of Sales - Retails,COST OF GOODS SOLD,Total Cost of Sales - Retails
Total Cost of Sales - Retails,COST OF GOODS SOLD,Total Cost of Sales - Retails
COST OF GOODS SOLD,COST OF GOODS SOLD,COST OF GOODS SOLD
Labor Cost - Other,TOTAL STAFF COST,Labor Cost - Other
Wages - 1099,EMPLOYER TAXES,EMPLOYER TAXES
Total Wages - B.O.H. Salaried,TOTAL STAFF COST,Total Wages - B.O.H. Salaried
Total Wages - F.O.H. Salaried,TOTAL STAFF COST,Total Wages - F.O.H. Salaried
Total Wages - F.O.H. Salaried,TOTAL STAFF COST,Total Wages - F.O.H. Salaried
Total Wages - F.O.H. Salaried,TOTAL STAFF COST,Total Wages - F.O.H. Salaried
Total Wages - F.O.H. Salaried,TOTAL STAFF COST,Total Wages - F.O.H. Salaried
Total Wages - F.O.H. Salaried,TOTAL STAFF COST,Total Wages - F.O.H. Salaried
Total Wages - F.O.H. Hourly,TOTAL STAFF COST,Total Wages - F.O.H. Hourly
Total Wages - F.O.H. Hourly,TOTAL STAFF COST,Total Wages - F.O.H. Hourly
Total Wages - F.O.H. Hourly,TOTAL STAFF COST,Total Wages - F.O.H. Hourly
Total Wages - F.O.H. Hourly,TOTAL STAFF COST,Total Wages - F.O.H. Hourly
Total Wages - F.O.H. Hourly,TOTAL STAFF COST,Total Wages - F.O.H. Hourly
Total Wages - F.O.H. Hourly,TOTAL STAFF COST,Total Wages - F.O.H. Hourly
Total Wages - F.O.H. Hourly,TOTAL STAFF COST,Total Wages - F.O.H. Hourly
Total Wages - F.O.H. Hourly,TOTAL STAFF COST,Total Wages - F.O.H. Hourly
Total Wages - F.O.H. Hourly,TOTAL STAFF COST,Total Wages - F.O.H. Hourly
Total Wages - F.O.H. Hourly - OT,TOTAL STAFF COST,Total Wages - F.O.H. Hourly - OT
Total Wages - F.O.H. Hourly - OT,TOTAL STAFF COST,Total Wages - F.O.H. Hourly - OT
Total Wages - F.O.H. Hourly - OT,TOTAL STAFF COST,Total Wages - F.O.H. Hourly - OT
Total Wages - F.O.H. Hourly - OT,TOTAL STAFF COST,Total Wages - F.O.H. Hourly - OT
Total Wages - F.O.H. Hourly - OT,TOTAL STAFF COST,Total Wages - F.O.H. Hourly - OT
Total Wages - F.O.H. Hourly - OT,TOTAL STAFF COST,Total Wages - F.O.H. Hourly - OT
Total Wages - F.O.H. Hourly - OT,TOTAL STAFF COST,Total Wages - F.O.H. Hourly - OT
BOH - Other,TOTAL STAFF COST,BOH - Other
Total Wages - B.O.H. Salaried,TOTAL STAFF COST,Total Wages - B.O.H. Salaried
Total Wages - B.O.H. Salaried,TOTAL STAFF COST,Total Wages - B.O.H. Salaried
Total Wages - B.O.H. Salaried,TOTAL STAFF COST,Total Wages - B.O.H. Salaried
Total Wages - B.O.H. Salaried,TOTAL STAFF COST,Total Wages - B.O.H. Salaried
Total Wages - B.O.H. Hourly,TOTAL STAFF COST,Total Wages - B.O.H. Hourly
Total Wages - B.O.H. Hourly,TOTAL STAFF COST,Total Wages - B.O.H. Hourly
Total Wages - B.O.H. Hourly,TOTAL STAFF COST,Total Wages - B.O.H. Hourly
Total Wages - B.O.H. Hourly,TOTAL STAFF COST,Total Wages - B.O.H. Hourly
Total Wages - B.O.H. Hourly,TOTAL STAFF COST,Total Wages - B.O.H. Hourly
Total Wages - B.O.H. Hourly - OT,TOTAL STAFF COST,Total Wages - B.O.H. Hourly - OT
Total Wages - B.O.H. Hourly - OT,TOTAL STAFF COST,Total Wages - B.O.H. Hourly - OT
Total Wages - B.O.H. Hourly - OT,TOTAL STAFF COST,Total Wages - B.O.H. Hourly - OT
Total Wages - B.O.H. Hourly - OT,TOTAL STAFF COST,Total Wages - B.O.H. Hourly - OT
Employer Taxes - Other,EMPLOYER TAXES,EMPLOYER TAXES
Social Security,EMPLOYER TAXES,EMPLOYER TAXES
Medicare,EMPLOYER TAXES,EMPLOYER TAXES
Federal FUTA,EMPLOYER TAXES,EMPLOYER TAXES
NY MTA,EMPLOYER TAXES,EMPLOYER TAXES
State SUI,EMPLOYER TAXES,EMPLOYER TAXES
OASDI,EMPLOYER TAXES,EMPLOYER TAXES
Ny Re-employment,EMPLOYER TAXES,EMPLOYER TAXES
Other Staff Costs - Other,OTHER EMPLOYEE EXPENSES,OTHER EMPLOYEE EXPENSES
Employee Benefits - Other,OTHER STAFF COST,OTHER STAFF COST
Staff Insurance - Other,OTHER STAFF COST,OTHER STAFF COST
Medical,OTHER STAFF COST,OTHER STAFF COST
Dental,OTHER STAFF COST,OTHER STAFF COST
Vision,OTHER STAFF COST,OTHER STAFF COST
NY Paid Family Leave,OTHER STAFF COST,OTHER STAFF COST
NY Disability Payable Leave,OTHER STAFF COST,OTHER STAFF COST
401K,OTHER STAFF COST,OTHER STAFF COST
Workers' Compensation Insurance,OTHER STAFF COST,OTHER STAFF COST
Mealbreak penalties,OTHER STAFF COST,OTHER STAFF COST
Vacation/PTO accruals,OTHER STAFF COST,OTHER STAFF COST
Bonus,OTHER STAFF COST,OTHER STAFF COST
Commission,OTHER STAFF COST,OTHER STAFF COST
Miscellaneous,OTHER STAFF COST,OTHER STAFF COST
Total Fringe Benefits,OTHER STAFF COST,OTHER STAFF COST
Contract Labor - Other,CONTRACT LABOR,CONTRACT LABOR
Wages - Agency,CONTRACT LABOR,CONTRACT LABOR
Wages -Casual labor-1099,CONTRACT LABOR,CONTRACT LABOR
Wages - Security/Bouncer-1099,CONTRACT LABOR,CONTRACT LABOR
Other Employee Expenses - Other,OTHER EMPLOYEE EXPENSES,OTHER EMPLOYEE EXPENSES
Staff Recruitment,OTHER EMPLOYEE EXPENSES,OTHER EMPLOYEE EXPENSES
Staff Uniforms,OTHER EMPLOYEE EXPENSES,OTHER EMPLOYEE EXPENSES
Staff Meals,OTHER EMPLOYEE EXPENSES,OTHER EMPLOYEE EXPENSES
Staff relations/morale,OTHER EMPLOYEE EXPENSES,OTHER EMPLOYEE EXPENSES
Staff Accommodation/Relocation,OTHER EMPLOYEE EXPENSES,OTHER EMPLOYEE EXPENSES
Staff First Aid,OTHER EMPLOYEE EXPENSES,OTHER EMPLOYEE EXPENSES
Employee Parking / Bus Passes,OTHER EMPLOYEE EXPENSES,OTHER EMPLOYEE EXPENSES
Safety & Training Programs,OTHER EMPLOYEE EXPENSES,OTHER EMPLOYEE EXPENSES
Advertising and Promotion - Other,ADVERTISING AND PROMOTION,ADVERTISING AND PROMOTION
Advertising,ADVERTISING AND PROMOTION,ADVERTISING AND PROMOTION
Public Relations,ADVERTISING AND PROMOTION,ADVERTISING AND PROMOTION
Branding & Design,ADVERTISING AND PROMOTION,ADVERTISING AND PROMOTION
R & D,ADVERTISING AND PROMOTION,ADVERTISING AND PROMOTION
Event Expenses,ADVERTISING AND PROMOTION,ADVERTISING AND PROMOTION
Commission Expenses,ADVERTISING AND PROMOTION,ADVERTISING AND PROMOTION
Complimentry Cost,ADVERTISING AND PROMOTION,ADVERTISING AND PROMOTION
Subscriptions,ADVERTISING AND PROMOTION,ADVERTISING AND PROMOTION
Photgraphy Expenses,ADVERTISING AND PROMOTION,ADVERTISING AND PROMOTION
Travel and Entertainment - Other,TRAVEL AND ENTERTAINMENT,TRAVEL AND ENTERTAINMENT
Airfare,TRAVEL AND ENTERTAINMENT,TRAVEL AND ENTERTAINMENT
Meals & Entertainment,TRAVEL AND ENTERTAINMENT,TRAVEL AND ENTERTAINMENT
Lodging,TRAVEL AND ENTERTAINMENT,TRAVEL AND ENTERTAINMENT
Taxi Charges & Local Travel,TRAVEL AND ENTERTAINMENT,TRAVEL AND ENTERTAINMENT
Auto Expenses,TRAVEL AND ENTERTAINMENT,TRAVEL AND ENTERTAINMENT
General and Administrative Exps - Other,PROFESSIONAL FEES,PROFESSIONAL FEES
Chargebacks,Other Expenses,Other Expenses
Extra/Short Receipts,Other Expenses,Other Expenses
Under/Over,Other Expenses,Other Expenses
Digital Sales - Adjustment,Other Expenses,Other Expenses
Supplies and Maintenanc - Other,SUPPLIES AND MAINTENANCE,SUPPLIES AND MAINTENANCE
Linen & Laundry,SUPPLIES AND MAINTENANCE,SUPPLIES AND MAINTENANCE
Paper Supplies,SUPPLIES AND MAINTENANCE,SUPPLIES AND MAINTENANCE
Office Supplies/Stationery,SUPPLIES AND MAINTENANCE,SUPPLIES AND MAINTENANCE
Repairs General,SUPPLIES AND MAINTENANCE,SUPPLIES AND MAINTENANCE
Repairs Equipment,SUPPLIES AND MAINTENANCE,SUPPLIES AND MAINTENANCE
BOH Supplies & Accessories,SUPPLIES AND MAINTENANCE,SUPPLIES AND MAINTENANCE
FOH Supplies & Accessories,SUPPLIES AND MAINTENANCE,SUPPLIES AND MAINTENANCE
Packaging Supplies,SUPPLIES AND MAINTENANCE,SUPPLIES AND MAINTENANCE
China,SUPPLIES AND MAINTENANCE,SUPPLIES AND MAINTENANCE
Glassware,SUPPLIES AND MAINTENANCE,SUPPLIES AND MAINTENANCE
Silverware,SUPPLIES AND MAINTENANCE,SUPPLIES AND MAINTENANCE
Menus,SUPPLIES AND MAINTENANCE,SUPPLIES AND MAINTENANCE
Cleaning Supplies,SUPPLIES AND MAINTENANCE,SUPPLIES AND MAINTENANCE
Flowers & Candles,SUPPLIES AND MAINTENANCE,SUPPLIES AND MAINTENANCE
Equipment Rental,SUPPLIES AND MAINTENANCE,SUPPLIES AND MAINTENANCE
Office Supplies/Stationery,SUPPLIES AND MAINTENANCE,SUPPLIES AND MAINTENANCE
Trash/Waste Removal Service,SUPPLIES AND MAINTENANCE,SUPPLIES AND MAINTENANCE
Pest Control,SUPPLIES AND MAINTENANCE,SUPPLIES AND MAINTENANCE
IT Cost,SUPPLIES AND MAINTENANCE,SUPPLIES AND MAINTENANCE
Postage & Courier,SUPPLIES AND MAINTENANCE,SUPPLIES AND MAINTENANCE
Music,SUPPLIES AND MAINTENANCE,SUPPLIES AND MAINTENANCE
Professional Fee - Other,PROFESSIONAL FEES,PROFESSIONAL FEES
Legal Fee,PROFESSIONAL FEES,PROFESSIONAL FEES
Audit Fee,PROFESSIONAL FEES,PROFESSIONAL FEES
Tax Fee,PROFESSIONAL FEES,PROFESSIONAL FEES
Professional Fee,PROFESSIONAL FEES,PROFESSIONAL FEES
Accounting Fee,PROFESSIONAL FEES,PROFESSIONAL FEES
Consulting Fee,PROFESSIONAL FEES,PROFESSIONAL FEES
Bookkeeping Fees,PROFESSIONAL FEES,PROFESSIONAL FEES
Guaranteed Payments,PROFESSIONAL CHARGES,PROFESSIONAL CHARGES
Other Financial Costs - Other,OTHER FINANCIAL COSTS,OTHER FINANCIAL COSTS
Payroll Processing Charges,OTHER FINANCIAL COSTS,OTHER FINANCIAL COSTS
Credit Card Charges,OTHER FINANCIAL COSTS,OTHER FINANCIAL COSTS
Bank Carges,OTHER FINANCIAL COSTS,OTHER FINANCIAL COSTS
Donations,OTHER FINANCIAL COSTS,OTHER FINANCIAL COSTS
Royalties,OTHER FINANCIAL COSTS,OTHER FINANCIAL COSTS
Tangible Property Taxes,OTHER FINANCIAL COSTS,OTHER FINANCIAL COSTS
Penalties,OTHER FINANCIAL COSTS,OTHER FINANCIAL COSTS
"License, Permits & Filling Fees",OTHER FINANCIAL COSTS,OTHER FINANCIAL COSTS
Sales and Use Tax,OTHER FINANCIAL COSTS,OTHER FINANCIAL COSTS
Tip Expenses,OTHER FINANCIAL COSTS,OTHER FINANCIAL COSTS
Finance Charges,OTHER FINANCIAL COSTS,OTHER FINANCIAL COSTS
Umbrella Insurance,OTHER FINANCIAL COSTS,OTHER FINANCIAL COSTS
Liability Insurance,OTHER FINANCIAL COSTS,OTHER FINANCIAL COSTS
Property Insurance,OTHER FINANCIAL COSTS,OTHER FINANCIAL COSTS
Utilities - Other,UTILITIES,UTILITIES
Electricity,UTILITIES,UTILITIES
Gas,UTILITIES,UTILITIES
Water,UTILITIES,UTILITIES
Security And Alarm,UTILITIES,UTILITIES
Telephone,UTILITIES,UTILITIES
Internet/Email,UTILITIES,UTILITIES
Occupancy Costs - Other,OCCUPANCY COST,OCCUPANCY COST
Rent,OCCUPANCY COST,OCCUPANCY COST
Percentage Rent,OCCUPANCY COST,OCCUPANCY COST
CAM Charges,OCCUPANCY COST,OCCUPANCY COST
Real Estate Escalation Tax,OCCUPANCY COST,OCCUPANCY COST
Storage Rent,OCCUPANCY COST,OCCUPANCY COST
Commercial Rent Tax,OCCUPANCY COST,OCCUPANCY COST
Personal/Tangible Property Tax,OCCUPANCY COST,OCCUPANCY COST
Uncategorized Exp/Ask My Acc,OTHER FINANCIAL COSTS,OTHER FINANCIAL COSTS
Sales Adjustments - Other,Other Expenses,Other Expenses
Other Income - Other,Other Income,Other Income
Interest Income,Other Income,Other Income
Other Income,Other Income,Other Income
Event Income,Other Income,Other Income
Total Beverages,COST OF GOODS SOLD,Total Beverages
Interest Expense - Other,Other Expenses,Other Expenses
Interest Paid on Loans - 1,Other Expenses,Other Expenses
Interest Paid on Loans - 2,Other Expenses,Other Expenses
Interest on Tax/Penalties,Other Expenses,Other Expenses
Corporate Tax Expense,OTHER FINANCIAL COSTS,OTHER FINANCIAL COSTS
Depreciation Expense,Other Expenses,Other Expenses
Amortization Expense,Other Expenses,Other Expenses
Pre-opening Costs,Other Expenses,Other Expenses
Other Expenses - Other,Other Expenses,Other Expenses
Exchange Differences,Other Expenses,Other Expenses
Rounding Differences,Other Expenses,Other Expenses
TOTAL OCCUPANCY,TOTAL OCCUPANCY,TOTAL OCCUPANCY
Revenue - Food,REVENUE,Revenue - Food
COS Wines,COST OF GOODS SOLD,COS Wines
COS Beer,COST OF GOODS SOLD,COS Beer
COS Beverages,COST OF GOODS SOLD,COS Beverages
Revenue - Wines,REVENUE,Revenue - Wines
COST OF GOODS SOLD,COST OF GOODS SOLD,COST OF GOODS SOLD
Gross Profit - Food,GROSS PROFIT,Gross Profit - Food
Gross Profit - Wine,GROSS PROFIT,Gross Profit - Wine
Gross Profit - Catering,GROSS PROFIT,Gross Profit - Catering
Gross Profit - Liquor,GROSS PROFIT,Gross Profit - Liquor
Gross Profit - Beer,GROSS PROFIT,Gross Profit - Beer
Gross Profit Coffee,GROSS PROFIT,Gross Profit Coffee
Gross Profit - Other Bev,GROSS PROFIT,Gross Profit - Other Bev
Revenue - Catering,REVENUE,Revenue - Catering
Gross Profit - Retails,GROSS PROFIT,Gross Profit - Retails
Revenue - Food,REVENUE,Revenue - Food
Revenue - Food,REVENUE,Revenue - Food
Revenue - Food,REVENUE,Revenue - Food
Revenue - Food,REVENUE,Revenue - Food
Revenue - Food,REVENUE,Revenue - Food
Revenue - Tea/Coffee,REVENUE,Revenue - Tea/Coffee
Revenue - Tea/Coffee,REVENUE,Revenue - Tea/Coffee
Revenue - Tea/Coffee,REVENUE,Revenue - Tea/Coffee
Revenue - Tea/Coffee,REVENUE,Revenue - Tea/Coffee
Revenue - Tea/Coffee,REVENUE,Revenue - Tea/Coffee
Revenue - Wines,REVENUE,Revenue - Wines
Revenue - Wines,REVENUE,Revenue - Wines
Revenue - Wines,REVENUE,Revenue - Wines
Revenue - Wines,REVENUE,Revenue - Wines
Revenue - Wines,REVENUE,Revenue - Wines
Revenue - Liquor,REVENUE,Revenue - Liquor
Revenue - Beer,REVENUE,Revenue - Beer
Revenue - Beer,REVENUE,Revenue - Beer
Revenue - Beer,REVENUE,Revenue - Beer
Revenue - Beer,REVENUE,Revenue - Beer
Revenue - Beer,REVENUE,Revenue - Beer
Revenue - Other Beverages,REVENUE,Revenue - Other Beverages
Revenue - Other Beverages,REVENUE,Revenue - Other Beverages
Revenue - Other Beverages,REVENUE,Revenue - Other Beverages
Revenue - Other Beverages,REVENUE,Revenue - Other Beverages
Revenue - Other Beverages,REVENUE,Revenue - Other Beverages
Revenue - Fees,REVENUE,Revenue - Fees
Revenue - Retails,REVENUE,Revenue - Retails
Revenue - Retails,REVENUE,Revenue - Retails
Revenue - Others,REVENUE,Revenue - Others
Revenue - Catering,REVENUE,Revenue - Catering
Revenue - Catering,REVENUE,Revenue - Catering
Revenue - Admin Fees,REVENUE,Revenue - Admin Fees
Employee Wellness Fee,REVENUE,Employee Wellness Fee
Italy trip Income,REVENUE,Italy trip Income
House Tips,REVENUE,House Tips
5% Service Charges,REVENUE,5% Service Charges
Gross Profit - Others,GROSS PROFIT,Gross Profit - Others
GROSS PROFIT,GROSS PROFIT,GROSS PROFIT
TOTAL STAFF COST,STAFF COST,TOTAL STAFF COST
 OTHER STAFF COST,OTHER STAFF COST, OTHER STAFF COST
Revenue - Beer,REVENUE,Revenue - Beer
Complimentary Cost,ADVERTISING / PROMOTION,Complimentary Cost
ADVERTISING / PROMOTION,ADVERTISING / PROMOTION,ADVERTISING / PROMOTION
COS Food,COST OF GOODS SOLD,COS Food
COS Food,COST OF GOODS SOLD,COS Food
COS Food,COST OF GOODS SOLD,COS Food
COS Food,COST OF GOODS SOLD,COS Food
COS Tea/Coffee,COST OF GOODS SOLD,COS Tea/Coffee
COS Tea/Coffee,COST OF GOODS SOLD,COS Tea/Coffee
TOTAL TRAVEL & ENTERTAINMENT,TOTAL TRAVEL & ENTERTAINMENT,TOTAL TRAVEL & ENTERTAINMENT
COS  Restaurant Wine,COST OF GOODS SOLD,COS  Restaurant Wine
COS  Restaurant Wine,COST OF GOODS SOLD,COS  Restaurant Wine
COS  Market Wine,COST OF GOODS SOLD,COS  Market Wine
COS  Market Wine,COST OF GOODS SOLD,COS  Market Wine
COS Liquor,COST OF GOODS SOLD,COS Liquor
COS Liquor,COST OF GOODS SOLD,COS Liquor
TOTAL COMMUNICATION,TOTAL COMMUNICATION,TOTAL COMMUNICATION
COS  Restaurant Beer,COST OF GOODS SOLD,COS  Restaurant Beer
COS  Restaurant Beer,COST OF GOODS SOLD,COS  Restaurant Beer
COS  Market Beer,COST OF GOODS SOLD,COS  Market Beer
COS  Market Beer,COST OF GOODS SOLD,COS  Market Beer
COS Other Bev,COST OF GOODS SOLD,COS Other Bev
COS Other Bev,COST OF GOODS SOLD,COS Other Bev
COS Other Bev,COST OF GOODS SOLD,COS Other Bev
TOTAL SUPPLIES & MAINTENANCE,TOTAL SUPPLIES & MAINTENANCE,TOTAL SUPPLIES & MAINTENANCE
COS Retails,COST OF GOODS SOLD,COS Retails
TOTAL REPAIRS & MAINTENANCE,TOTAL REPAIRS & MAINTENANCE,TOTAL REPAIRS & MAINTENANCE
COS Others,COST OF GOODS SOLD,COS Others
COS Others,COST OF GOODS SOLD,COS Others
TOTAL FINANCIAL COST,TOTAL FINANCIAL COST,TOTAL FINANCIAL COST
TOTAL OPERATING EXPENSES,TOTAL OPERATING EXPENSES,TOTAL OPERATING EXPENSES
Transfer From/To  Piccolina,Transfer From/To  Piccolina,Transfer From/To  Piccolina
EBITDA,EBITDA,EBITDA
COS Wood Expenses,COST OF GOODS SOLD,COS Wood Expenses
INTEREST & OTHER EXPENSES,INTEREST & OTHER EXPENSES,INTEREST & OTHER EXPENSES
Revenue - Tea/Coffee,REVENUE,Revenue - Tea/Coffee
PROFIT BEFORE TAX & DEPRECIATION,PROFIT BEFORE TAX & DEPRECIATION,PROFIT BEFORE TAX & DEPRECIATION
NET PROFIT/(LOSS),NET PROFIT/(LOSS),NET PROFIT/(LOSS)
Revenue - Other Beverages,REVENUE,Revenue - Other Beverages
Wages - F.O.H.,STAFF COST,Wages - F.O.H.
Wages - F.O.H.,STAFF COST,Wages - F.O.H.
Wages - F.O.H.,STAFF COST,Wages - F.O.H.
Wages - F.O.H.,STAFF COST,Wages - F.O.H.
Wages - F.O.H.,STAFF COST,Wages - F.O.H.
Wages - F.O.H.,STAFF COST,Wages - F.O.H.
Wages - F.O.H.,STAFF COST,Wages - F.O.H.
Wages - F.O.H.,STAFF COST,Wages - F.O.H.
Wages - F.O.H.,STAFF COST,Wages - F.O.H.
Wages - B.O.H.,STAFF COST,Wages - B.O.H.
Wages - B.O.H.,STAFF COST,Wages - B.O.H.
Wages - F.O.H.,STAFF COST,Wages - F.O.H.
Wages - B.O.H.,STAFF COST,Wages - B.O.H.
Wages - B.O.H.,STAFF COST,Wages - B.O.H.
Wages - B.O.H.,STAFF COST,Wages - B.O.H.
Wages - B.O.H.,STAFF COST,Wages - B.O.H.
Wages - B.O.H.,STAFF COST,Wages - B.O.H.
Wages - B.O.H.,STAFF COST,Wages - B.O.H.
Wages - B.O.H.,STAFF COST,Wages - B.O.H.
Wages - B.O.H.,STAFF COST,Wages - B.O.H.
Wages - F.O.H.,STAFF COST,Wages - F.O.H.
Wages - B.O.H.,STAFF COST,Wages - B.O.H.
Wages - B.O.H.,STAFF COST,Wages - B.O.H.
Wages - F.O.H.,STAFF COST,Wages - F.O.H.
Wages - Bonuses,STAFF COST,Wages - Bonuses
 Salaries - Owners,STAFF COST, Salaries - Owners
Guaranteed Payments,STAFF COST,Guaranteed Payments
Wages - Tips,STAFF COST,Wages - Tips
Wages - 1099,STAFF COST,Wages - 1099
Other - Wages,STAFF COST,Other - Wages
Employer Taxes,STAFF COST,Employer Taxes
Employer Taxes,STAFF COST,Employer Taxes
Employer Taxes,STAFF COST,Employer Taxes
Employer Taxes,STAFF COST,Employer Taxes
Employer Taxes,STAFF COST,Employer Taxes
Staff Insurance,OTHER STAFF COST,Staff Insurance
Staff Insurance,OTHER STAFF COST,Staff Insurance
Staff Insurance,OTHER STAFF COST,Staff Insurance
Staff Insurance,OTHER STAFF COST,Staff Insurance
Staff Insurance,OTHER STAFF COST,Staff Insurance
Staff Insurance,OTHER STAFF COST,Staff Insurance
Staff Recruitment,OTHER STAFF COST,Staff Recruitment
Staff Training,OTHER STAFF COST,Staff Training
Staff Uniforms,OTHER STAFF COST,Staff Uniforms
Staff Welfare,OTHER STAFF COST,Staff Welfare
Employee Benefits,OTHER STAFF COST,Employee Benefits
Employee Benefits,OTHER STAFF COST,Employee Benefits
Employee Benefits,OTHER STAFF COST,Employee Benefits
Staff First Aid,OTHER STAFF COST,Staff First Aid
Advertising,ADVERTISING / PROMOTION,TOTAL PROMOTION
Advertising,ADVERTISING / PROMOTION,TOTAL PROMOTION
Advertising,ADVERTISING / PROMOTION,TOTAL PROMOTION
Public Relations,ADVERTISING / PROMOTION,TOTAL PROMOTION
Web Design & Maintenance,ADVERTISING / PROMOTION,TOTAL PROMOTION
Branding & Design,ADVERTISING / PROMOTION,TOTAL PROMOTION
R & D,ADVERTISING / PROMOTION,TOTAL PROMOTION
Event Expenses,ADVERTISING / PROMOTION,TOTAL PROMOTION
Commission Expense,ADVERTISING / PROMOTION,TOTAL PROMOTION
Car Lease Expense,ADVERTISING / PROMOTION,TOTAL PROMOTION
Subscriptions,ADVERTISING / PROMOTION,TOTAL PROMOTION
Photography Expense,ADVERTISING / PROMOTION,TOTAL PROMOTION
Complimentary Cost,ADVERTISING / PROMOTION,Complimentary Cost
Complimentary Cost,ADVERTISING / PROMOTION,Complimentary Cost
Complimentary Cost,ADVERTISING / PROMOTION,Complimentary Cost
Security and Alarm,OCCUPANCY,OCCUPANCY
Interior Design,ADVERTISING / PROMOTION,TOTAL PROMOTION
Travel Cost,TRAVEL & ENTERTAINMENT,TRAVEL & ENTERTAINMENT
Entertainment Meals,TRAVEL & ENTERTAINMENT,TRAVEL & ENTERTAINMENT
Lodging,TRAVEL & ENTERTAINMENT,TRAVEL & ENTERTAINMENT
Parking Charges,TRAVEL & ENTERTAINMENT,TRAVEL & ENTERTAINMENT
Telephone,COMMUNICATION,COMMUNICATION
Postage,COMMUNICATION,COMMUNICATION
Courier,COMMUNICATION,COMMUNICATION
Linen & Laundry,SUPPLIES & MAINTENANCE,SUPPLIES & MAINTENANCE
Cleaning,SUPPLIES & MAINTENANCE,SUPPLIES & MAINTENANCE
Pest Control,OCCUPANCY,OCCUPANCY
Cleaning Services,SUPPLIES & MAINTENANCE,SUPPLIES & MAINTENANCE
Kitchen Accessories,SUPPLIES & MAINTENANCE,SUPPLIES & MAINTENANCE
Wood Expenses,SUPPLIES & MAINTENANCE,SUPPLIES & MAINTENANCE
Restaurant,SUPPLIES & MAINTENANCE,SUPPLIES & MAINTENANCE
"China, Glass, Silverware",SUPPLIES & MAINTENANCE,SUPPLIES & MAINTENANCE
Barware,SUPPLIES & MAINTENANCE,SUPPLIES & MAINTENANCE
Music,SUPPLIES & MAINTENANCE,SUPPLIES & MAINTENANCE
"Landscape, Flowers & Candles",SUPPLIES & MAINTENANCE,SUPPLIES & MAINTENANCE
Office Supplies/Stationery,SUPPLIES & MAINTENANCE,SUPPLIES & MAINTENANCE
Printing Expense,SUPPLIES & MAINTENANCE,SUPPLIES & MAINTENANCE
Menus,SUPPLIES & MAINTENANCE,SUPPLIES & MAINTENANCE
IT Cost,SUPPLIES & MAINTENANCE,SUPPLIES & MAINTENANCE
Equipment Rental,SUPPLIES & MAINTENANCE,SUPPLIES & MAINTENANCE
Supplies,SUPPLIES & MAINTENANCE,SUPPLIES & MAINTENANCE
Repairs - Building,REPAIRS & MAINTENANCE,REPAIRS & MAINTENANCE
Repairs - Equipment,REPAIRS & MAINTENANCE,REPAIRS & MAINTENANCE
Repairs - General,REPAIRS & MAINTENANCE,REPAIRS & MAINTENANCE
Legal Fees,FINANCIAL COST,FINANCIAL COST
Tax Fees,FINANCIAL COST,FINANCIAL COST
Professional Fees,FINANCIAL COST,FINANCIAL COST
Accountancy Charges,FINANCIAL COST,FINANCIAL COST
Payroll Processing Charges,FINANCIAL COST,FINANCIAL COST
Credit Card Charges,FINANCIAL COST,FINANCIAL COST
Eventbrite Fees,FINANCIAL COST,FINANCIAL COST
Ritual Fees & Commission,FINANCIAL COST,FINANCIAL COST
Caviar/Doordash  Fees,FINANCIAL COST,FINANCIAL COST
Resy Merchant Fee,FINANCIAL COST,FINANCIAL COST
Credit Card Chargeback,FINANCIAL COST,FINANCIAL COST
Bank Charges,FINANCIAL COST,FINANCIAL COST
Interest Paid on Loans,FINANCIAL COST,FINANCIAL COST
Donations,ADVERTISING / PROMOTION,TOTAL PROMOTION
Use Tax on Comps,FINANCIAL COST,FINANCIAL COST
Tangible Property Taxes,FINANCIAL COST,FINANCIAL COST
Penalties,FINANCIAL COST,FINANCIAL COST
Interest on Tax/Penalties,FINANCIAL COST,FINANCIAL COST
Licenses and Permits,FINANCIAL COST,FINANCIAL COST
Ballpark fees,FINANCIAL COST,FINANCIAL COST
Chef's Table,TRAVEL & ENTERTAINMENT,TRAVEL & ENTERTAINMENT
Tock Fees,FINANCIAL COST,FINANCIAL COST
Rent,OCCUPANCY,OCCUPANCY
Rent,OCCUPANCY,OCCUPANCY
Rent,OCCUPANCY,OCCUPANCY
Real Estate Escalation Tax,OCCUPANCY,OCCUPANCY
Electricity,OCCUPANCY,OCCUPANCY
Gas,OCCUPANCY,OCCUPANCY
Wood Expense,OCCUPANCY,OCCUPANCY
Insurance,OCCUPANCY,OCCUPANCY
Trash / Water Condenser,SUPPLIES & MAINTENANCE,SUPPLIES & MAINTENANCE
Auto Expense,TRAVEL & ENTERTAINMENT,TRAVEL & ENTERTAINMENT
Reservations,SUPPLIES & MAINTENANCE,SUPPLIES & MAINTENANCE
Sales Tax,FINANCIAL COST,FINANCIAL COST
Carry Out Supplies,SUPPLIES & MAINTENANCE,SUPPLIES & MAINTENANCE
Over / Under,INTEREST & OTHER EXPENSES,INTEREST & OTHER EXPENSES
P & L Depreciation,P & L Depreciation & Amortization,P & L Depreciation
Director Of Operation-Salary,INTEREST & OTHER EXPENSES,INTEREST & OTHER EXPENSES
Amy’s CEO Salary Portion,INTEREST & OTHER EXPENSES,INTEREST & OTHER EXPENSES
P & L Amortization,P & L Depreciation & Amortization,P & L Amortization
Revenue - Retails,REVENUE,Revenue - Retails
Bank Interest,INTEREST & OTHER EXPENSES,INTEREST & OTHER EXPENSES
Other Income,INTEREST & OTHER EXPENSES,INTEREST & OTHER EXPENSES
Other Income,INTEREST & OTHER EXPENSES,INTEREST & OTHER EXPENSES
REVENUE,REVENUE,REVENUE
Ask My Accountant,INTEREST & OTHER EXPENSES,INTEREST & OTHER EXPENSES
Under/Over,INTEREST & OTHER EXPENSES,INTEREST & OTHER EXPENSES
Other Expenses - 910-000,INTEREST & OTHER EXPENSES,INTEREST & OTHER EXPENSES
Customer Balance (Write Off),INTEREST & OTHER EXPENSES,INTEREST & OTHER EXPENSES
Other Expenses,INTEREST & OTHER EXPENSES,INTEREST & OTHER EXPENSES
Gross Profit - Food,Gross Profit - Food,Gross Profit - Food
Gross Profit - Tea/Coffee,Gross Profit - Tea/Coffee,Gross Profit - Tea/Coffee
Gross Profit - Wines,Gross Profit - Wines,Gross Profit - Wines
Gross Profit - Liquor,Gross Profit - Liquor,Gross Profit - Liquor
Gross Profit - Other Bev,Gross Profit - Other Bev,Gross Profit - Other Bev
GROSS PROFIT,GROSS PROFIT,GROSS PROFIT
TOTAL OPERATING EXPENSES,TOTAL OPERATING EXPENSES,TOTAL OPERATING EXPENSES
EBITDA,EBITDA,EBITDA
PROFIT BEFORE TAX & DEPRECIATION,PROFIT BEFORE TAX & DEPRECIATION,PROFIT BEFORE TAX & DEPRECIATION
Revenue - Food,REVENUE,REVENUE
Revenue - Tea/Coffee,REVENUE,REVENUE
Revenue - Wines,REVENUE,REVENUE
Revenue - Liquor,REVENUE,REVENUE
Revenue - Other Beverages,REVENUE,REVENUE
Non-Revenue Service Charge,REVENUE,REVENUE
Revenue - Retails,REVENUE,REVENUE
NET PROFIT/(LOSS),NET PROFIT/(LOSS),NET PROFIT/(LOSS)
Cost of Sales - Food - Other,Cost of Sales - FOOD,Cost of Sales - FOOD
Food Purchases,Cost of Sales - FOOD,Cost of Sales - FOOD
Food - Stock Adjustment,Cost of Sales - FOOD,Cost of Sales - FOOD
Cost of Sales - Tea/Coffee - Other,Cost of Sales - Tea/Coffee,Cost of Sales - Tea/Coffee
Tea/Coffee Purchases,Cost of Sales - Tea/Coffee,Cost of Sales - Tea/Coffee
Tea/Coffee - Stock Adjustment,Cost of Sales - Tea/Coffee,Cost of Sales - Tea/Coffee
Cost of Sales - Wine - Other,Cost of Sales - Wine,Cost of Sales - Wine
Wine Purchases,Cost of Sales - Wine,Cost of Sales - Wine
Wine - Stock Adjustment,Cost of Sales - Wine,Cost of Sales - Wine
Cost of Sales - Liquor - Other,Cost of Sales - Liquor,Cost of Sales - Liquor
Liquor Purchases,Cost of Sales - Liquor,Cost of Sales - Liquor
Liquor - Stock Adjustment,Cost of Sales - Liquor,Cost of Sales - Liquor
Cost of Sales - Beer - Other,Cost of Sales - Beer,Cost of Sales - Beer
Beer Purchases,Cost of Sales - Beer,Cost of Sales - Beer
Beer - Stock Adjustment,Cost of Sales - Beer,Cost of Sales - Beer
Cost of Sales - Other Bev - Other,Cost of Sales - Other Bev,Cost of Sales - Other Bev
Other Bev Purchases,Cost of Sales - Other Bev,Cost of Sales - Other Bev
Other Bev - Stock Adjustment,Cost of Sales - Other Bev,Cost of Sales - Other Bev
Wages - F.O.H. Salaries,STAFF COST,STAFF COST
Wages - F.O.H. Salaries,STAFF COST,STAFF COST
Wages - F.O.H. Salaries,STAFF COST,STAFF COST
Wages - F.O.H. Salaries,STAFF COST,STAFF COST
Wages - F.O.H. Salaries,STAFF COST,STAFF COST
Wages - F.O.H. Salaries,STAFF COST,STAFF COST
Wages - B.O.H. Salaries,STAFF COST,STAFF COST
Wages - B.O.H. Salaries,STAFF COST,STAFF COST
Wages - B.O.H. Salaries,STAFF COST,STAFF COST
Wages - B.O.H. Salaries,STAFF COST,STAFF COST
Wages - B.O.H. Salaries,STAFF COST,STAFF COST
Wages - B.O.H. Salaries,STAFF COST,STAFF COST
Wages - B.O.H. Salaries,STAFF COST,STAFF COST
Wages - B.O.H. Salaries,STAFF COST,STAFF COST
Wages - B.O.H. Salaries,STAFF COST,STAFF COST
Wages - B.O.H. Salaries,STAFF COST,STAFF COST
Wages – Contractor,STAFF COST,STAFF COST
Wages - Bonus,STAFF COST,STAFF COST
Wages - Others,STAFF COST,STAFF COST
Wages - Commission,STAFF COST,STAFF COST
Cash - Wages,STAFF COST,STAFF COST
Employer Taxes,STAFF COST,STAFF COST
Employer Taxes,STAFF COST,STAFF COST
Employer Taxes,STAFF COST,STAFF COST
Employer Taxes,STAFF COST,STAFF COST
Employer Taxes,STAFF COST,STAFF COST
Employer Taxes,STAFF COST,STAFF COST
Staff Workman's Comp,OTHER STAFF COST,OTHER STAFF COST
Staff Insurance,OTHER STAFF COST,OTHER STAFF COST
Staff Insurance,OTHER STAFF COST,OTHER STAFF COST
Staff Recruitment,OTHER STAFF COST,OTHER STAFF COST
Staff Training,OTHER STAFF COST,OTHER STAFF COST
Staff Uniforms,OTHER STAFF COST,OTHER STAFF COST
Staff Meals,OTHER STAFF COST,OTHER STAFF COST
Staff Welfare,OTHER STAFF COST,OTHER STAFF COST
Staff Accommodation,OTHER STAFF COST,OTHER STAFF COST
Staff First Aid,OTHER STAFF COST,OTHER STAFF COST
Steven's Personal Expense,OTHER STAFF COST,OTHER STAFF COST
Advertising,ADVERTISING/PROMOTION,ADVERTISING/PROMOTION
Public Relations,ADVERTISING/PROMOTION,ADVERTISING/PROMOTION
Web Design,ADVERTISING/PROMOTION,ADVERTISING/PROMOTION
Event Expenses,ADVERTISING/PROMOTION,ADVERTISING/PROMOTION
Charge Back - Covid,FINANCIAL COST,FINANCIAL COST
Fees / Commisions,FINANCIAL COST,FINANCIAL COST
Commission Expense,ADVERTISING/PROMOTION,ADVERTISING/PROMOTION
Subscriptions,ADVERTISING/PROMOTION,ADVERTISING/PROMOTION
Photography expense,ADVERTISING/PROMOTION,ADVERTISING/PROMOTION
Complimentary Cost,ADVERTISING/PROMOTION,ADVERTISING/PROMOTION
Complimentary Cost,ADVERTISING/PROMOTION,ADVERTISING/PROMOTION
Airfare,TRAVEL & ENTERTAINMENT,TRAVEL & ENTERTAINMENT
Entertainment Meals,ADVERTISING/PROMOTION,ADVERTISING/PROMOTION
Lodging,TRAVEL & ENTERTAINMENT,TRAVEL & ENTERTAINMENT
Transport – Charges,TRAVEL & ENTERTAINMENT,TRAVEL & ENTERTAINMENT
Shipping Charges,TRAVEL & ENTERTAINMENT,TRAVEL & ENTERTAINMENT
Telephone,COMMUNICATION,COMMUNICATION
Postage/Courier,COMMUNICATION,COMMUNICATION
Internet/Email,COMMUNICATION,COMMUNICATION
Linen & Laundry,SUPPLIES & MAINTENANCE,SUPPLIES & MAINTENANCE
Cleaning,SUPPLIES & MAINTENANCE,SUPPLIES & MAINTENANCE
Cleaning Contract Services,SUPPLIES & MAINTENANCE,SUPPLIES & MAINTENANCE
Pest Control,SUPPLIES & MAINTENANCE,SUPPLIES & MAINTENANCE
Trash/Waste Removal Service,SUPPLIES & MAINTENANCE,SUPPLIES & MAINTENANCE
BOH Supplies / accessories,SUPPLIES & MAINTENANCE,SUPPLIES & MAINTENANCE
FOH Supplies / accessories,SUPPLIES & MAINTENANCE,SUPPLIES & MAINTENANCE
Paper Supplies,SUPPLIES & MAINTENANCE,SUPPLIES & MAINTENANCE
Packing supply,SUPPLIES & MAINTENANCE,SUPPLIES & MAINTENANCE
Flatware,SUPPLIES & MAINTENANCE,SUPPLIES & MAINTENANCE
Glassware,SUPPLIES & MAINTENANCE,SUPPLIES & MAINTENANCE
Barware,SUPPLIES & MAINTENANCE,SUPPLIES & MAINTENANCE
Music,SUPPLIES & MAINTENANCE,SUPPLIES & MAINTENANCE
Flowers & Candles,SUPPLIES & MAINTENANCE,SUPPLIES & MAINTENANCE
Office Supplies,SUPPLIES & MAINTENANCE,SUPPLIES & MAINTENANCE
Menus,SUPPLIES & MAINTENANCE,SUPPLIES & MAINTENANCE
IT Cost,SUPPLIES & MAINTENANCE,SUPPLIES & MAINTENANCE
Equipment Rental,SUPPLIES & MAINTENANCE,SUPPLIES & MAINTENANCE
Repairs - Building,REPAIR & MAINTENANCE,REPAIR & MAINTENANCE
Repairs - Equipment,REPAIR & MAINTENANCE,REPAIR & MAINTENANCE
Repairs - General,REPAIR & MAINTENANCE,REPAIR & MAINTENANCE
Legal Fees,FINANCIAL COST,FINANCIAL COST
Tax Fees,FINANCIAL COST,FINANCIAL COST
Professional Fees,FINANCIAL COST,FINANCIAL COST
Accountancy Charges,FINANCIAL COST,FINANCIAL COST
Payroll Charges,FINANCIAL COST,FINANCIAL COST
Credit Card Charges,FINANCIAL COST,FINANCIAL COST
Bank Charges,FINANCIAL COST,FINANCIAL COST
Interest on Loans,Interest on Loans,Interest on Loans
Donations,FINANCIAL COST,FINANCIAL COST
Royalties-Trademark Agreement,FINANCIAL COST,FINANCIAL COST
NYC LLC FILLING FEES,FINANCIAL COST,FINANCIAL COST
Penalties,FINANCIAL COST,FINANCIAL COST
Interest on Tax / Penalties,FINANCIAL COST,FINANCIAL COST
License & Permit,FINANCIAL COST,FINANCIAL COST
Bad Debts,FINANCIAL COST,FINANCIAL COST
Rent,OCCUPANCY,OCCUPANCY
Landlord Settle. for Key Money,OCCUPANCY,OCCUPANCY
Real Estate Escalation Tax,OCCUPANCY,OCCUPANCY
Electricity,OCCUPANCY,OCCUPANCY
Gas,OCCUPANCY,OCCUPANCY
Water,OCCUPANCY,OCCUPANCY
Storage Rent,OCCUPANCY,OCCUPANCY
Insurance,OCCUPANCY,OCCUPANCY
Security Services,OCCUPANCY,OCCUPANCY
CAM Charges,OCCUPANCY,OCCUPANCY
Monitoring charges,OCCUPANCY,OCCUPANCY
Used Tax on Comps,ADVERTISING/PROMOTION,ADVERTISING/PROMOTION
Collected by Steven for Rent,OCCUPANCY,OCCUPANCY
TOTAL BEVERAGES,TOTAL BEVERAGES,BEVERAGES
Bank Interest,OTHER INCOME & EXPENSES,OTHER INCOME & EXPENSES
Other Income,OTHER INCOME & EXPENSES,OTHER INCOME & EXPENSES
Other Charges,OTHER INCOME & EXPENSES,OTHER INCOME & EXPENSES
Other Charges,OTHER INCOME & EXPENSES,OTHER INCOME & EXPENSES
Tips Paid,Tips Paid,Tips Paid
TOTAL COST OF GOODS SOLD,TOTAL COST OF GOODS SOLD,COST OF GOODS SOLD
Ask My Accountant,OTHER INCOME & EXPENSES,OTHER INCOME & EXPENSES
Written Off,Written Off,Written Off
P & L Amortization,PL Depreciation & Amortization,PL Depreciation & Amortization
P & L Depreciation,PL Depreciation & Amortization,PL Depreciation & Amortization
Total Discounts,MARKETING & ADVERTISING,Total Discounts
TOTAL OPERATING EXPENSES,TOTAL OPERATING EXPENSES,TOTAL OPERATING EXPENSES
EBITDA,EBITDA,EBITDA
PROFIT BEFORE TAX & DEPRECIATION,PROFIT BEFORE TAX & DEPRECIATION,PROFIT BEFORE TAX & DEPRECIATION
Total Beverages,COST OF GOODS SOLD,Total Beverages
P & L Depreciation,P & L Depreciation,P & L Depreciation
P & L Amortization,P & L Amortization,P & L Amortization
NET PROFIT/(LOSS),NET PROFIT/(LOSS),NET PROFIT/(LOSS)
Food Sales,REVENUE,Food Sales
NA Beverage Sales,REVENUE,NA Beverage Sales
Liquor Sales,REVENUE,Liquor Sales
Beer- Bottle Sales,REVENUE,Beer- Bottle Sales
Beer-DraAt Sales,REVENUE,Beer-Draft Sales
Wine Sales,REVENUE,Wine Sales
Sales Online Adjustment,REVENUE,Sales Online Adjustment
Event Catering Sales,REVENUE,Event Catering Sales
Merchandise Sales,REVENUE,Merchandise Sales
Food-COGS,COST OF GOODS SOLD,Food-COGS
Liquor-COGS,COST OF GOODS SOLD,Total Beverages
Beer Bottle-COGS,COST OF GOODS SOLD,Total Beverages
Beer DraAt- COGS,COST OF GOODS SOLD,Total Beverages
Wine-COGS,COST OF GOODS SOLD,Total Beverages
NA Beverages-COGS,COST OF GOODS SOLD,Total Beverages
Owner Salary,STAFF COST,Owner Salary
Administration Salaries,STAFF COST,Administration Salaries
Management Salaries,STAFF COST,Management Salaries
Hourly Management,STAFF COST,Hourly Management
Cooks,STAFF COST,Cooks
Prep Cooks,STAFF COST,Prep Cooks
Dishwashers,STAFF COST,Dishwashers
Bussers,STAFF COST,Bussers
Hosts,STAFF COST,Hosts
Servers,STAFF COST,Servers
Barbacks,STAFF COST,Barbacks
Bartenders,STAFF COST,Bartenders
Employee Sick Pay,STAFF COST,Employee Sick Pay
Employee Bonus,STAFF COST,Employee Bonus
Staff - Training,STAFF COST,Staff - Training
Employer PR Taxes,STAFF COST,TOTAL EMPLOYEE BENEFITS
Workers Compesation,STAFF COST,TOTAL EMPLOYEE BENEFITS
Medical Insurance,STAFF COST,TOTAL EMPLOYEE BENEFITS
401K Expense,STAFF COST,TOTAL EMPLOYEE BENEFITS
Rent,OCCUPANCY EXPENSE,Rent
Personal Property Taxes,OCCUPANCY EXPENSE,Personal Property Taxes
Insurance-Property & Casualty,OCCUPANCY EXPENSE,Insurance-Property & Casualty
Electrical,OCCUPANCY EXPENSE,TOTAL UTILITIES
Gas,OCCUPANCY EXPENSE,TOTAL UTILITIES
Water,OCCUPANCY EXPENSE,TOTAL UTILITIES
Telephone,OCCUPANCY EXPENSE,TOTAL UTILITIES
Internet Service,OCCUPANCY EXPENSE,TOTAL UTILITIES
Repairs & Maintenance - Other,OCCUPANCY EXPENSE,TOTAL REPAIRS & MAINTENANCE
Equipment,OCCUPANCY EXPENSE,TOTAL REPAIRS & MAINTENANCE
Maintenance,OCCUPANCY EXPENSE,TOTAL REPAIRS & MAINTENANCE
Building and Grounds,OCCUPANCY EXPENSE,TOTAL REPAIRS & MAINTENANCE
Janitorial,OCCUPANCY EXPENSE,TOTAL REPAIRS & MAINTENANCE
Contract Labor,OCCUPANCY EXPENSE,TOTAL REPAIRS & MAINTENANCE
USE TAX, General & Administrative Exp,USE TAX
EE Health Services, General & Administrative Exp,EE Health Services
OAAice Supplies, General & Administrative Exp,Office Supplies
Computer, General & Administrative Exp,Computer
Postage & Delivery, General & Administrative Exp,Postage & Delivery
Payroll Processing, General & Administrative Exp,Payroll Processing
Insurance General, General & Administrative Exp,Insurance General
Dues & Subscriptions, General & Administrative Exp,Dues & Subscriptions
Donations/Charitable Contributi, General & Administrative Exp,Donations/Charitable Contributi
Credit Card Discounts, General & Administrative Exp,Credit Card Discounts
3rd Party Delivery Aees, General & Administrative Exp,3rd Party Delivery Fees
Cash (Over) / Short, General & Administrative Exp,Cash (Over) / Short
Bank Charges, General & Administrative Exp,Bank Charges
Alarm, General & Administrative Exp,Alarm
Security, General & Administrative Exp,Security
SaAe / Armour Truck, General & Administrative Exp,Safe / Armour Truck
Training, General & Administrative Exp,Training
POS, General & Administrative Exp,POS
Surcharge, General & Administrative Exp,Surcharge
Travel & Expenses,Travel & Entertainment,Travel & Entertainment
Legal Aees,Legal & Accounting,Legal & Accounting
Accounting Services,Legal & Accounting,Legal & Accounting
ProAessional Aees-Other,Legal & Accounting,Legal & Accounting
Auto & Truck Expense,DIRECT OPERATING EXPENSES,Auto & Truck Expense
Propane,DIRECT OPERATING EXPENSES,Propane
UniAorms & Linen,DIRECT OPERATING EXPENSES,UniAorms & Linen
Smallwares,DIRECT OPERATING EXPENSES,Smallwares
Glassware,DIRECT OPERATING EXPENSES,Glassware
Paper Supplies,DIRECT OPERATING EXPENSES,Paper Supplies
Restaurant Supplies,DIRECT OPERATING EXPENSES,Restaurant Supplies
Rentals,DIRECT OPERATING EXPENSES,Rentals
Cleaning Supplies & Sanitation,DIRECT OPERATING EXPENSES,Cleaning Supplies & Sanitation
Pest Control,DIRECT OPERATING EXPENSES,Pest Control
Decorations & Improvements,DIRECT OPERATING EXPENSES,Decorations & Improvements
Licenses & Permits,DIRECT OPERATING EXPENSES,Licenses & Permits
Casual Labor - NON PAYCHEX,DIRECT OPERATING EXPENSES,Casual Labor - NON PAYCHEX
Advertising,MARKETING & ADVERTISING,Advertising
Marketing,MARKETING & ADVERTISING,Marketing
Public Relations,MARKETING & ADVERTISING,Public Relations
Consulting,MARKETING & ADVERTISING,Consulting
Recruiting,MARKETING & ADVERTISING,Recruiting
Research and Development,MARKETING & ADVERTISING,Research and Development
Printing Expense,MARKETING & ADVERTISING,Printing Expense
Discount - Aood,MARKETING & ADVERTISING,Total Discounts
Discount - Liquor,MARKETING & ADVERTISING,Total Discounts
Discount - Beer Bottle,MARKETING & ADVERTISING,Total Discounts
Discount - Beer DraAt,MARKETING & ADVERTISING,Total Discounts
Discount - Wine,MARKETING & ADVERTISING,Total Discounts
Discount - NA Beverage,MARKETING & ADVERTISING,Total Discounts
Discount - Merchandise,MARKETING & ADVERTISING,Total Discounts
Bands & Entertainment - Other,BANDS & ENTERTAINMENT,Bands & Entertainment - Other
Band-Live Music,BANDS & ENTERTAINMENT,Band-Live Music
Entertainers,BANDS & ENTERTAINMENT,Entertainers
Cable,BANDS & ENTERTAINMENT,Cable
ANNUAL CORPORATE Entertainment,BANDS & ENTERTAINMENT,ANNUAL CORPORATE Entertainment
GROSS PROFIT,GROSS PROFIT,GROSS PROFIT
Interest Expense,Interest & Other Expenses,Interest & Other Expenses
Penalties,Interest & Other Expenses,Interest & Other Expenses
Income Taxes,Interest & Other Expenses,Interest & Other Expenses
Other (Income) Expense - Other,Interest & Other Expenses,Interest & Other Expenses
TheAt Loss,Interest & Other Expenses,Interest & Other Expenses
ATM Deposit Aee,Interest & Other Expenses,Interest & Other Expenses
ATM Deposit Commission,Interest & Other Expenses,Interest & Other Expenses
CASH BACK REWARD CC,Interest & Other Expenses,Interest & Other Expenses
Ask My Accountant,Interest & Other Expenses,Interest & Other Expenses
TOTAL EMPLOYEE BENEFITS,STAFF COST,TOTAL EMPLOYEE BENEFITS
TOTAL UTILITIES,OCCUPANCY EXPENSE,TOTAL UTILITIES
TOTAL REPAIRS & MAINTENANCE,OCCUPANCY EXPENSE,TOTAL REPAIRS & MAINTENANCE
REVENUE,REVENUE,REVENUE
GENERAL & ADMINISTRATIVE,GENERAL & ADMINISTRATIVE,GENERAL & ADMINISTRATIVE
Travel & Entertainment,Travel & Entertainment,Travel & Entertainment
Professional and Consutlng,Professional and Consutlng,Professional and Consutlng
Direct Operating Expenses,Direct Operating Expenses,Direct Operating Expenses
Total Discounts,Marketing & Advertising,Total Discounts
Marketing & Advertising,Marketing & Advertising,Marketing & Advertising
Bands & Entertainment,Bands & Entertainment,Bands & Entertainment
TOTAL OPERATING EXPENSES,TOTAL OPERATING EXPENSES,TOTAL OPERATING EXPENSES
EBITDA,EBITDA,EBITDA
PROFIT BEFORE TAX & DEPRECIATION,PROFIT BEFORE TAX & DEPRECIATION,PROFIT BEFORE TAX & DEPRECIATION
Total Beverages,COST OF GOODS SOLD,Total Beverages
NET PROFIT/(LOSS),NET PROFIT/(LOSS),NET PROFIT/(LOSS)
COST OF GOODS SOLD,COST OF GOODS SOLD,COST OF GOODS SOLD
Food Sales,REVENUE,REVENUE
NA Beverage Sales,REVENUE,REVENUE
Liquor Sales,REVENUE,REVENUE
Beer-Bottle Sales,REVENUE,REVENUE
Beer-Draft Sales,REVENUE,REVENUE
Wine Sales,REVENUE,REVENUE
Sales Online Adjustments,REVENUE,REVENUE
Event Catering Sales,REVENUE,REVENUE
Merchandise Sales,REVENUE,REVENUE
Food-COGS,COST OF GOODS SOLD,Food-COGS
NA Beverages-COGS,COST OF GOODS SOLD,Total Beverages
Beer Bottle-COGS,COST OF GOODS SOLD,Total Beverages
Beer Draft- COGS,COST OF GOODS SOLD,Total Beverages
Wine-COGS,COST OF GOODS SOLD,Total Beverages
Owner Salary,STAFF COST,Owner Salary
Administration Salaries,STAFF COST,Administration Salaries
Management Salaries,STAFF COST,Management Salaries
Sick Pay,STAFF COST,Sick Pay
Cooks,STAFF COST,Cooks
Prep Cooks,STAFF COST,Prep Cooks
Dishwasher,STAFF COST,Dishwasher
Bussers,STAFF COST,Bussers
Hosts,STAFF COST,Hosts
Servers,STAFF COST,Servers
Server Sick Pay,STAFF COST,Server Sick Pay
Barbacks,STAFF COST,Barbacks
Delivery Service Driver,STAFF COST,Delivery Service Driver
Bartenders,STAFF COST,Bartenders
Employee Sick Pay,STAFF COST,Employee Sick Pay
Employee Bonus,STAFF COST,Employee Bonus
Training,STAFF COST,Training
Security Wages,STAFF COST,Security Wages
Employer Taxes,STAFF COST,TOTAL EMPLOYEE BENEFITS
Workers Compensation,STAFF COST,TOTAL EMPLOYEE BENEFITS
Medical Insurance,STAFF COST,TOTAL EMPLOYEE BENEFITS
401K Expense,STAFF COST,TOTAL EMPLOYEE BENEFITS
Wage Garnishment,STAFF COST,TOTAL EMPLOYEE BENEFITS
Health Insurance,STAFF COST,TOTAL EMPLOYEE BENEFITS
Rent,OCCUPANCY COST,Rent
Storage Rent,OCCUPANCY COST,Storage Rent
Real State Taxes,OCCUPANCY COST,Real State Taxes
Personal Property Taxes,OCCUPANCY COST,Personal Property Taxes
Insurance-Property & Casualty,OCCUPANCY COST,Insurance-Property & Casualty
Other Municipal Taxes,OCCUPANCY COST,Other Municipal Taxes
Utilities - Other,TOTAL UTILITIES,TOTAL UTILITIES
Electrical,TOTAL UTILITIES,TOTAL UTILITIES
Electrcal-Whittier Rental,TOTAL UTILITIES,TOTAL UTILITIES
Gas,TOTAL UTILITIES,TOTAL UTILITIES
Gas- Whittier Rental,TOTAL UTILITIES,TOTAL UTILITIES
Water,TOTAL UTILITIES,TOTAL UTILITIES
Telephone,TOTAL UTILITIES,TOTAL UTILITIES
Internet Service,TOTAL UTILITIES,TOTAL UTILITIES
Trash Removal,TOTAL UTILITIES,TOTAL UTILITIES
Repairs & Maintenance - Other,TOTAL REPAIRS & MAINTENANCE,TOTAL REPAIRS & MAINTENANCE
Equipment,TOTAL REPAIRS & MAINTENANCE,TOTAL REPAIRS & MAINTENANCE
Maintenance,TOTAL REPAIRS & MAINTENANCE,TOTAL REPAIRS & MAINTENANCE
Building and Grounds,TOTAL REPAIRS & MAINTENANCE,TOTAL REPAIRS & MAINTENANCE
Janitorial,TOTAL REPAIRS & MAINTENANCE,TOTAL REPAIRS & MAINTENANCE
Contract Labor,TOTAL REPAIRS & MAINTENANCE,TOTAL REPAIRS & MAINTENANCE
USE TAX,GENERAL & ADMINISTRATIVE,GENERAL & ADMINISTRATIVE
EE Health Services,GENERAL & ADMINISTRATIVE,GENERAL & ADMINISTRATIVE
Office Supplies,GENERAL & ADMINISTRATIVE,GENERAL & ADMINISTRATIVE
Computer,GENERAL & ADMINISTRATIVE,GENERAL & ADMINISTRATIVE
Postage & Delivery,GENERAL & ADMINISTRATIVE,GENERAL & ADMINISTRATIVE
Payroll Processing,GENERAL & ADMINISTRATIVE,GENERAL & ADMINISTRATIVE
Support & Software,GENERAL & ADMINISTRATIVE,GENERAL & ADMINISTRATIVE
Paychex HR Services,GENERAL & ADMINISTRATIVE,GENERAL & ADMINISTRATIVE
Insurance- General,GENERAL & ADMINISTRATIVE,GENERAL & ADMINISTRATIVE
Life Insurance,GENERAL & ADMINISTRATIVE,GENERAL & ADMINISTRATIVE
Automobile Insurance,GENERAL & ADMINISTRATIVE,GENERAL & ADMINISTRATIVE
Dues & Subscription,GENERAL & ADMINISTRATIVE,GENERAL & ADMINISTRATIVE
Donations/Charitable Contributi,GENERAL & ADMINISTRATIVE,GENERAL & ADMINISTRATIVE
Credit Card Discounts,GENERAL & ADMINISTRATIVE,GENERAL & ADMINISTRATIVE
3rd Party Delivery Fees,GENERAL & ADMINISTRATIVE,GENERAL & ADMINISTRATIVE
Cash (Over) / Short,GENERAL & ADMINISTRATIVE,GENERAL & ADMINISTRATIVE
Bank Charges,GENERAL & ADMINISTRATIVE,GENERAL & ADMINISTRATIVE
Alarm,GENERAL & ADMINISTRATIVE,GENERAL & ADMINISTRATIVE
Security,GENERAL & ADMINISTRATIVE,GENERAL & ADMINISTRATIVE
Safe / Armour Truck,GENERAL & ADMINISTRATIVE,GENERAL & ADMINISTRATIVE
Training,GENERAL & ADMINISTRATIVE,GENERAL & ADMINISTRATIVE
Fees Other,GENERAL & ADMINISTRATIVE,GENERAL & ADMINISTRATIVE
POS,GENERAL & ADMINISTRATIVE,GENERAL & ADMINISTRATIVE
Service Charge,GENERAL & ADMINISTRATIVE,GENERAL & ADMINISTRATIVE
Surcharge,GENERAL & ADMINISTRATIVE,GENERAL & ADMINISTRATIVE
Travel & Entertainment - Other,Travel & Entertainment,Travel & Entertainment
Meals & Entertainment,Travel & Entertainment,Travel & Entertainment
Travel Expenses,Travel & Entertainment,Travel & Entertainment
Legal & Accounting - Other,Professional and Consutlng,Professional and Consutlng
Legals Fees,Professional and Consutlng,Professional and Consutlng
Accounting Services,Professional and Consutlng,Professional and Consutlng
Professional Fees-Other,Professional and Consutlng,Professional and Consutlng
Third party Fees,Direct Operating Expenses,Direct Operating Expenses
Propane,Direct Operating Expenses,Direct Operating Expenses
Propane,Direct Operating Expenses,Direct Operating Expenses
Uniforms & Linen,Direct Operating Expenses,Direct Operating Expenses
Laundry & Dry Clening,Direct Operating Expenses,Direct Operating Expenses
Smallwares,Direct Operating Expenses,Direct Operating Expenses
Glassware,Direct Operating Expenses,Direct Operating Expenses
Paper Supplies,Direct Operating Expenses,Direct Operating Expenses
Restaurant Supplies,Direct Operating Expenses,Direct Operating Expenses
Rentals,Direct Operating Expenses,Direct Operating Expenses
Cleaning Supplies & Sanitation,Direct Operating Expenses,Direct Operating Expenses
Pest Control,Direct Operating Expenses,Direct Operating Expenses
Decortations& Improvements,Direct Operating Expenses,Direct Operating Expenses
Licenses & Permits,Direct Operating Expenses,Direct Operating Expenses
Grease Removal,Direct Operating Expenses,Direct Operating Expenses
Casual Labor - NON PAYCHEX,Direct Operating Expenses,Direct Operating Expenses
Photography and Video,Marketing & Advertising,Marketing & Advertising
Advertising,Marketing & Advertising,Marketing & Advertising
Marketing,Marketing & Advertising,Marketing & Advertising
Public Relations,Marketing & Advertising,Marketing & Advertising
Consulting,Marketing & Advertising,Marketing & Advertising
Recruiting,Marketing & Advertising,Marketing & Advertising
Research and Development,Marketing & Advertising,Marketing & Advertising
Printing Expense,Marketing & Advertising,Marketing & Advertising
Postage & Delivery,Marketing & Advertising,Marketing & Advertising
Discount - Food,Marketing & Advertising,Total Discounts
Discount - Liquor,Marketing & Advertising,Total Discounts
Discount - Beer Bottle,Marketing & Advertising,Total Discounts
Discount - Draft Beer,Marketing & Advertising,Total Discounts
Discount - Wine,Marketing & Advertising,Total Discounts
Discount - NA Beverage,Marketing & Advertising,Total Discounts
Discount - Merchandise,Marketing & Advertising,Total Discounts
Discount - Cigarettes,Marketing & Advertising,Total Discounts
Discount - Cover Charge,Marketing & Advertising,Total Discounts
Discounts - Other,Marketing & Advertising,Total Discounts
Bands,Bands & Entertainment,Bands & Entertainment
Entertainers,Bands & Entertainment,Bands & Entertainment
CABLE,Bands & Entertainment,Bands & Entertainment
"ASCAP, BMI, SESAC",Bands & Entertainment,Bands & Entertainment
ANNUAL CORPORATE Entertainment,Bands & Entertainment,Bands & Entertainment
TOTAL GROSS PROFIT,GROSS PROFIT,GROSS PROFIT
Interest Expense,Other Income & Expenses,Interest Expense
Fines & Penalties,Other Income & Expenses,Fines & Penalties
Income Taxes,Other Income & Expenses,Income Taxes
Other (Income) Expenses,Other Income & Expenses,Other (Income) Expenses
Cash Back Rewards,Other Income & Expenses,Cash Back Rewards
Ask My Accountant,Other Income & Expenses,Ask My Accountant
TOTAL EMPLOYEE BENEFITS,STAFF COST,TOTAL EMPLOYEE BENEFITS
STAFF COST,STAFF COST,STAFF COST
TOTAL UTILITIES,TOTAL UTILITIES,TOTAL UTILITIES
TOTAL REPAIRS & MAINTENANCE,TOTAL REPAIRS & MAINTENANCE,TOTAL REPAIRS & MAINTENANCE
OCCUPANCY COST,OCCUPANCY COST,OCCUPANCY COST
P & L Amortization,P & L Depreciation & Amortization,P & L Amortization
TOTAL STAFF COST,TOTAL STAFF COST,TOTAL STAFF COST
TOTAL OPERATING EXPENSES,TOTAL OPERATING EXPENSES,TOTAL OPERATING EXPENSES
EBITDA,EBITDA,EBITDA
PROFIT BEFORE TAX & DEPRECIATION,PROFIT BEFORE TAX & DEPRECIATION,PROFIT BEFORE TAX & DEPRECIATION
P & L Depreciation,P & L Depreciation,P & L Depreciation
P & L Amortization,P & L Amortization,P & L Amortization
NET PROFIT/(LOSS),NET PROFIT/(LOSS),NET PROFIT/(LOSS)
Revenue - Food,REVENUE,REVENUE
Revenue - Bakery,REVENUE,REVENUE
Revenue - Wines,REVENUE,REVENUE
Revenue - Liquor,REVENUE,REVENUE
Revenue - Beer,REVENUE,REVENUE
Revenue - Other Beverages,REVENUE,REVENUE
Revenue - Retails,REVENUE,REVENUE
Comps,REVENUE,REVENUE
Food Purchases,TOTAL FOOD,TOTAL FOOD
Food - Stock Adjustment,Food - Stock Adjustment,Food - Stock Adjustment
Meat Cost,TOTAL FOOD,TOTAL FOOD
Grocery Cost,TOTAL FOOD,TOTAL FOOD
Seafood Cost,TOTAL FOOD,TOTAL FOOD
Produce Cost,TOTAL FOOD,TOTAL FOOD
Dairy Cost,TOTAL FOOD,TOTAL FOOD
Bread Cost,TOTAL FOOD,TOTAL FOOD
Ice Cream Cost,TOTAL FOOD,TOTAL FOOD
Tea/Coffee Purchases,Tea/Coffee Purchases,Tea/Coffee Purchases
Wine Purchases,COST OF SALES - WINE,COST OF SALES - WINE
Wine - Stock Adjustment,COST OF SALES - WINE,COST OF SALES - WINE
Liquor Purchases,COST OF SALES - LIQUOR,COST OF SALES - LIQUOR
Liquor - Stock Adjustment,COST OF SALES - LIQUOR,COST OF SALES - LIQUOR
Beer Purchases,COST OF SALES - BEER,COST OF SALES - BEER
Beer - Stock Adjustment,COST OF SALES - BEER,COST OF SALES - BEER
Other Bev Purchases,Other Bev Purchases,Other Bev Purchases
TOTAL BEVERAGES,TOTAL BEVERAGES,TOTAL BEVERAGES
FOH,Total FOH Salaries,Total FOH Salaries
Wages - F.O.H. Salaried - Other,Total FOH Salaries,Total FOH Salaries
GM,Total FOH Salaries,Total FOH Salaries
Beverage Manager,Total FOH Salaries,Total FOH Salaries
Floor Manager,Total FOH Salaries,Total FOH Salaries
Wages - Bonus FOH,Total BOH Salaries,Total BOH Salaries
Server,Total FOH Salaries,Total FOH Salaries
Busser,Total FOH Salaries,Total FOH Salaries
Runner,Total FOH Salaries,Total FOH Salaries
Bartender,Total FOH Salaries,Total FOH Salaries
Barback,Total FOH Salaries,Total FOH Salaries
Hostess,Total FOH Salaries,Total FOH Salaries
Wages - F.O.H. Hourly - OT,Total FOH Salaries,Total FOH Salaries
Cashier,Total FOH Salaries,Total FOH Salaries
BOH,Total BOH Salaries,Total BOH Salaries
Executive Chef,Total BOH Salaries,Total BOH Salaries
Sous Chef,Total BOH Salaries,Total BOH Salaries
Cook,Total BOH Salaries,Total BOH Salaries
Wages - B.O.H. Hourly - OT,Total BOH Salaries,Total BOH Salaries
Porter,Total BOH Salaries,Total BOH Salaries
Employer Taxes,EMPLOYER TAXES,EMPLOYER TAXES
Social Security,EMPLOYER TAXES,EMPLOYER TAXES
Medicare,EMPLOYER TAXES,EMPLOYER TAXES
Federal FUTA,EMPLOYER TAXES,EMPLOYER TAXES
NY MTA,EMPLOYER TAXES,EMPLOYER TAXES
State SUI,EMPLOYER TAXES,EMPLOYER TAXES
Wages - 1099,OTHER STAFF COSTS,OTHER STAFF COSTS
Workers' Compensation Insurance,EMPLOYEE BENEFITS,EMPLOYEE BENEFITS
Staff Training,EMPLOYEE BENEFITS,EMPLOYEE BENEFITS
Staff Uniforms,EMPLOYEE BENEFITS,EMPLOYEE BENEFITS
Staff Meals,EMPLOYEE BENEFITS,EMPLOYEE BENEFITS
Staff Welfare,EMPLOYEE BENEFITS,EMPLOYEE BENEFITS
Staff Accommodation/Relocation,EMPLOYEE BENEFITS,EMPLOYEE BENEFITS
Staff First Aid,EMPLOYEE BENEFITS,EMPLOYEE BENEFITS
Medical,EMPLOYEE BENEFITS,EMPLOYEE BENEFITS
Disability,EMPLOYEE BENEFITS,EMPLOYEE BENEFITS
NY-PFL,EMPLOYEE BENEFITS,EMPLOYEE BENEFITS
Advertising,ADVERTISING AND PROMOTION,ADVERTISING AND PROMOTION
Branding & Design,ADVERTISING AND PROMOTION,ADVERTISING AND PROMOTION
Commission Expense,ADVERTISING AND PROMOTION,ADVERTISING AND PROMOTION
Subscriptions,ADVERTISING AND PROMOTION,ADVERTISING AND PROMOTION
Photography expense,ADVERTISING AND PROMOTION,ADVERTISING AND PROMOTION
Complimentary Cost,ADVERTISING AND PROMOTION,ADVERTISING AND PROMOTION
General & Admin Expenses,GENERAL & ADMIN EXPENSES,GENERAL & ADMIN EXPENSES
Clearing and Freight charges,GENERAL & ADMIN EXPENSES,GENERAL & ADMIN EXPENSES
Telephone,GENERAL & ADMIN EXPENSES,GENERAL & ADMIN EXPENSES
Internet/Email,GENERAL & ADMIN EXPENSES,GENERAL & ADMIN EXPENSES
Airfare,GENERAL & ADMIN EXPENSES,GENERAL & ADMIN EXPENSES
Meals & Entertainment,GENERAL & ADMIN EXPENSES,GENERAL & ADMIN EXPENSES
Taxi Charges & Local Travel,GENERAL & ADMIN EXPENSES,GENERAL & ADMIN EXPENSES
Legal Fees,PROFESSIONAL CHARGES,PROFESSIONAL CHARGES
Tax Fees,PROFESSIONAL CHARGES,PROFESSIONAL CHARGES
Professional Fees,PROFESSIONAL CHARGES,PROFESSIONAL CHARGES
Consulting Fees,PROFESSIONAL CHARGES,PROFESSIONAL CHARGES
Management Fees,PROFESSIONAL CHARGES,PROFESSIONAL CHARGES
Linen & Laundry,SUPPLIES AND MAINTENANCE,SUPPLIES AND MAINTENANCE
Cleaning Supplies,SUPPLIES AND MAINTENANCE,SUPPLIES AND MAINTENANCE
Cleaning Contract Services,SUPPLIES AND MAINTENANCE,SUPPLIES AND MAINTENANCE
Pest Control,SUPPLIES AND MAINTENANCE,SUPPLIES AND MAINTENANCE
Trash/Waste Removal Service,SUPPLIES AND MAINTENANCE,SUPPLIES AND MAINTENANCE
BOH Supplies & Accessories,SUPPLIES AND MAINTENANCE,SUPPLIES AND MAINTENANCE
FOH Supplies & Accessories,SUPPLIES AND MAINTENANCE,SUPPLIES AND MAINTENANCE
Paper Supplies,SUPPLIES AND MAINTENANCE,SUPPLIES AND MAINTENANCE
Packaging Supplies,SUPPLIES AND MAINTENANCE,SUPPLIES AND MAINTENANCE
Chinaware,SUPPLIES AND MAINTENANCE,SUPPLIES AND MAINTENANCE
Flatware,SUPPLIES AND MAINTENANCE,SUPPLIES AND MAINTENANCE
Glassware,SUPPLIES AND MAINTENANCE,SUPPLIES AND MAINTENANCE
Barware,SUPPLIES AND MAINTENANCE,SUPPLIES AND MAINTENANCE
Music,SUPPLIES AND MAINTENANCE,SUPPLIES AND MAINTENANCE
"Landscape, Flowers & Candles",SUPPLIES AND MAINTENANCE,SUPPLIES AND MAINTENANCE
Office Supplies/Stationery,SUPPLIES AND MAINTENANCE,SUPPLIES AND MAINTENANCE
IT Cost,SUPPLIES AND MAINTENANCE,SUPPLIES AND MAINTENANCE
Equipment Rental,SUPPLIES AND MAINTENANCE,SUPPLIES AND MAINTENANCE
Repairs - Building,SUPPLIES AND MAINTENANCE,SUPPLIES AND MAINTENANCE
Repairs - Equipment,SUPPLIES AND MAINTENANCE,SUPPLIES AND MAINTENANCE
Repairs - General,SUPPLIES AND MAINTENANCE,SUPPLIES AND MAINTENANCE
Postage & Courier,SUPPLIES AND MAINTENANCE,SUPPLIES AND MAINTENANCE
Tip Expense,SUPPLIES AND MAINTENANCE,SUPPLIES AND MAINTENANCE
Payroll Processing Charges,FINANCIAL COSTS,FINANCIAL COSTS
Credit Card Charges,FINANCIAL COSTS,FINANCIAL COSTS
Bank Charges,FINANCIAL COSTS,FINANCIAL COSTS
Penalties,FINANCIAL COSTS,FINANCIAL COSTS
"Licenses, Permits & Filing Fees",FINANCIAL COSTS,FINANCIAL COSTS
Sales and Use Tax,FINANCIAL COSTS,FINANCIAL COSTS
Insurance Expense - Other,FINANCIAL COSTS,FINANCIAL COSTS
Liability Insurance,FINANCIAL COSTS,FINANCIAL COSTS
License fee to Tutto Holding,FINANCIAL COSTS,FINANCIAL COSTS
Rent,OCCUPANCY COSTS,OCCUPANCY COSTS
Real Estate Escalation Tax,OCCUPANCY COSTS,OCCUPANCY COSTS
Electricity,OCCUPANCY COSTS,OCCUPANCY COSTS
Gas,OCCUPANCY COSTS,OCCUPANCY COSTS
Storage Rent,OCCUPANCY COSTS,OCCUPANCY COSTS
Security and Alarm,OCCUPANCY COSTS,OCCUPANCY COSTS
Chargebacks,SALES ADJUSTMENTS,SALES ADJUSTMENTS
Extra/Short Receipts,SALES ADJUSTMENTS,SALES ADJUSTMENTS
Under/Over,SALES ADJUSTMENTS,SALES ADJUSTMENTS
TOTAL COST OF GOODS SOLD,TOTAL COST OF GOODS SOLD,TOTAL COST OF GOODS SOLD
GROSS PROFIT,GROSS PROFIT,GROSS PROFIT
Other Misc Income,Other Misc Income,Other Misc Income
Corporate Tax Expense,FINANCIAL COSTS,FINANCIAL COSTS
Cleaning - Stock adjustment,SUPPLIES AND MAINTENANCE,SUPPLIES AND MAINTENANCE
Other Expenses - Other,FINANCIAL COSTS,FINANCIAL COSTS
Ask My Accountant,FINANCIAL COSTS,FINANCIAL COSTS
TOTAL OPERATING EXPENSES,TOTAL OPERATING EXPENSES,TOTAL OPERATING EXPENSES
EBITDA,EBITDA,EBITDA
PROFIT BEFORE TAX & DEPRECIATION,PROFIT BEFORE TAX & DEPRECIATION,PROFIT BEFORE TAX & DEPRECIATION
NET PROFIT/(LOSS),NET PROFIT/(LOSS),NET PROFIT/(LOSS)
Revenue - Food,REVENUE,Revenue - Food
Revenue - Wines,REVENUE,Revenue - Wines
Revenue - Liquor,REVENUE,Revenue - Liquor
Revenue - Beer,REVENUE,Revenue - Beer
Revenue - Other Beverage,REVENUE,Revenue - Other Beverage
Revenue - Retail,REVENUE,Revenue - Retail
Revenue - Dinner,REVENUE,Revenue - Dinner
Revenue - Comp,REVENUE,Revenue - Comp
Revenue - 3rd Party,REVENUE,Revenue - 3rd Party
Cost of Sales - Food - Other,COST OF GOODS SOLD,Total Food
Food Purchases,COST OF GOODS SOLD,Total Food
Food - Stock Adjustment,COST OF GOODS SOLD,Total Food
Wine Purchases,COST OF GOODS SOLD,Total Beverages
Wine - Stock Adjustment,COST OF GOODS SOLD,Total Beverages
Liquor Purchases,COST OF GOODS SOLD,Total Beverages
Beer Purchases,COST OF GOODS SOLD,Total Beverages
Other Bev Purchase,COST OF GOODS SOLD,Total Beverages
 GROSS PROFIT,GROSS PROFIT,GROSS PROFIT
Wage Cost - Other,STAFF COST,Wage Cost - Other
Wages - F.O.H,STAFF COST,Wages - F.O.H
Manager,STAFF COST,FOH
FOH O.T.,STAFF COST,FOH O.T.
Server,STAFF COST,FOH
Busser/Runner,STAFF COST,FOH
Bartender,STAFF COST,FOH
Waiter,STAFF COST,FOH
Cashier,STAFF COST,FOH
Other,STAFF COST,FOH
Wages - B.O.H. Salaried,STAFF COST,Wages - B.O.H. Salaried
Executive Chef,STAFF COST,BOH
BOH O.T.,STAFF COST,BOH O.T.
Cook,STAFF COST,BOH
Dishwasher,STAFF COST,BOH
Social Security,Employer Taxes,Social Security
Medicare,Employer Taxes,Medicare
Federal FUTA,Employer Taxes,Federal FUTA
NY MTA,OTHER STAFF COST,NY MTA
State SUI,Employer Taxes,State SUI
Ny Re-employment,Employer Taxes,Ny Re-employment
Wages - 1099,OTHER STAFF COST,Wages - 1099
Workers' Compensation Insurance,OTHER STAFF COST,Workers' Compensation Insurance
Reimbursements,OTHER STAFF COST,Reimbursements
NYPFL,OTHER STAFF COST,NYPFL
Advertising,Advertising and Promotion,Advertising
Public Relations,Advertising and Promotion,Public Relations
Social Media,Advertising and Promotion,Social Media
Commission Expense,Advertising and Promotion,Commission Expense
Reservation,Advertising and Promotion,Reservation
Subscriptions,Advertising and Promotion,Subscriptions
Complimentary Cost,Advertising and Promotion,Complimentary Cost
Travel and Entertainment, General & Admin Expen,Travel and Entertainment
Meals & Entertainment, General & Admin Expen,Meals & Entertainment
Taxi Charges & Local Travel, General & Admin Expen,Taxi Charges & Local Travel
Auto Expense, General & Admin Expen,Auto Expense
General & Admin Expen - Other, General & Admin Expen,General & Admin Expen - Other
Web Design & Maintenance, General & Admin Expen,Web Design & Maintenance
Telephone,OCCUPANCY COSTS,Telephone
Internet/Email, General & Admin Expen,Internet/Email
Extra/Short Receipts,OTHER INCOME & EXPENSES,Extra/Short Receipts
Under/Over,OTHER INCOME & EXPENSES,Under/Over
Supplies and Maintenance - Other,Supplies and Maintenance,Supplies and Maintenance - Other
Linen & Laundry,Supplies and Maintenance,Linen & Laundry
Cleaning Supplies,Supplies and Maintenance,Cleaning Supplies
Cleaning Contract Services,Supplies and Maintenance,Cleaning Contract Services
Pest Control,Supplies and Maintenance,Pest Control
Trash/Waste Removal Service,Supplies and Maintenance,Trash/Waste Removal Service
BOH Supplies & Accessories,Supplies and Maintenance,BOH Supplies & Accessories
FOH Supplies & Accessories,Supplies and Maintenance,FOH Supplies & Accessories
Paper and Packaging,Supplies and Maintenance,Paper and Packaging
Glassware,Supplies and Maintenance,Glassware
Grease Trap Cleaning,Supplies and Maintenance,Grease Trap Cleaning
"Landscape, Flowers & Candles",Supplies and Maintenance,"Landscape, Flowers & Candles"
Office Supplies/Stationery,Supplies and Maintenance,Office Supplies/Stationery
Menus,Supplies and Maintenance,Menus
IT Cost,Supplies and Maintenance,IT Cost
Equipment Rental,Supplies and Maintenance,Equipment Rental
Repairs - Equipment,Supplies and Maintenance,Repairs - Equipment
Repairs - General,Supplies and Maintenance,Repairs - General
Postage & Courier,Supplies and Maintenance,Postage & Courier
Legal Fees, General & Admin Expen,Legal Fees
Tax Fees, General & Admin Expen,Tax Fees
Professional Fees, General & Admin Expen,Professional Fees
Accounting Fees, General & Admin Expen,Accounting Fees
Consulting Fees, General & Admin Expen,Consulting Fees
Payroll Processing Charges, Other Financial Costs,Payroll Processing Charges
Credit Card Charges, Other Financial Costs,Credit Card Charges
Bank Charges, Other Financial Costs,Bank Charges
Penalties, Other Financial Costs,Penalties
"License,Permits,Filing Fees", Other Financial Costs,"License,Permits,Filing Fees"
Sales and Use Tax, Other Financial Costs,Sales and Use Tax
Insurance Expense, Other Financial Costs,Insurance Expense
Insurance Expense, Other Financial Costs,Insurance Expense
Rent,OCCUPANCY COSTS,Rent
Real Estate Escalation Tax,OCCUPANCY COSTS,Real Estate Escalation Tax
Electricity,OCCUPANCY COSTS,Electricity
Gas,OCCUPANCY COSTS,Gas
Water,OCCUPANCY COSTS,Water
Other Income,OTHER INCOME & EXPENSES,Other Income
Uncategorized Income,OTHER INCOME & EXPENSES,Uncategorized Income
Leasehold Improvements,OTHER INCOME & EXPENSES,Leasehold Improvements
Machinery & Equipment,OTHER INCOME & EXPENSES,Machinery & Equipment
Furnitue & Fixture,OTHER INCOME & EXPENSES,Furnitue & Fixture
Uncategorized Expense,OTHER INCOME & EXPENSES,Other Expenses
Other Expense,OTHER INCOME & EXPENSES,Other Expenses
Pre-Opening Expense,OTHER INCOME & EXPENSES,Pre-Opening Expense
ASK MY ACCOUNT,OTHER INCOME & EXPENSES,ASK MY ACCOUNT
P & L Amortization,P & L Depreciation & Amortization,P & L Amortization
P & L Depreciation,P & L Depreciation & Amortization,P & L Depreciation
TOTAL OPERATING EXPENSES,TOTAL OPERATING EXPENSES,TOTAL OPERATING EXPENSES
EBITDA,EBITDA,EBITDA
PROFIT BEFORE TAX & DEPRECIATION,PROFIT BEFORE TAX & DEPRECIATION,PROFIT BEFORE TAX & DEPRECIATION
NET PROFIT/(LOSS),NET PROFIT/(LOSS),NET PROFIT/(LOSS)
Gross Profit - Food,Gross Profit - Food,Gross Profit - Food
Food,REVENUE,Total Revenue Food
Tea/Coffee,REVENUE,Total Revenue Tea/Coffee
Wines,REVENUE,Total Revenue Wines
Liquor,REVENUE,Total Revenue Liquor
Beer,REVENUE,Total Revenue Beer
Other Beverages,REVENUE,Total Revenue Other Beverage
Retails,REVENUE,Total Revenue Retails
Admin Fees,REVENUE,Total Revenue Admin Fees
Discounts,REVENUE,Total Discounts
Other Revenue,REVENUE,Total Revenue Other
Other Revenue Labor charges,REVENUE,Total Revenue Labor Charges
Gross Profit - Tea/Coffee,Gross Profit - Tea/Coffee,Gross Profit - Tea/Coffee
Cost of Sales - Food,COST OF GOODS SOLD,Total Food
Cost of Sales - Tea/Coffee,COST OF GOODS SOLD,Total Tea/Coffee
Cost of Sales - Wine,COST OF GOODS SOLD,Total Wine
Cost of Sales - Liquor,COST OF GOODS SOLD,Total Liquor
Cost of Sales - Beer,COST OF GOODS SOLD,Total Beer
Cost of Sales - Other Bev,COST OF GOODS SOLD,Total Other Bev
Gross Profit - Wines,Gross Profit - Wines,Gross Profit - Wines
Gross Profit - Liquor,Gross Profit - Liquor,Gross Profit - Liquor
Wages - 1099,STAFF COST,Total Wages 1099
Regulare Wages,STAFF COST,Total Wages
Contractor Labor,STAFF COST,Total Wages 1099
Wages - Management,OTHER EXPENSES,Wages - Management
Vacation Pay,STAFF COST,Total Wages
Tips Expenses,STAFF COST,Total Tips
Federal FUTA,STAFF COST,Total Employer Taxes
Medicare,STAFF COST,Total Employer Taxes
Ny Re-employment,STAFF COST,Total Employer Taxes
State SUI,STAFF COST,Total Employer Taxes
OASDI,STAFF COST,Total Employer Taxes
Staff Workman's Comp,OTHER STAFF COST,Total Other Staff Cost
Staff Recruitment,OTHER STAFF COST,Total Other Staff Cost
Staff Training,OTHER STAFF COST,Total Other Staff Cost
Staff Uniforms,OTHER STAFF COST,Total Other Staff Cost
Staff Meals,OTHER STAFF COST,Total Other Staff Cost
Staff Welfare,OTHER STAFF COST,Total Other Staff Cost
Staff Accommodation/Relocation,OTHER STAFF COST,Total Other Staff Cost
Staff First Aid,OTHER STAFF COST,Total Other Staff Cost
Staff Insurance,OTHER STAFF COST,Total Other Staff Cost
Medical,OTHER STAFF COST,Total Other Staff Cost
Disability Insurance,OTHER STAFF COST,Total Other Staff Cost
Advertising,PROMOTION,Advertising
Public Relations,PROMOTION,Public Relations
Social Media,PROMOTION,Social Media
Branding & Design,PROMOTION,Branding & Design
R & D,PROMOTION,R & D
Event Expenses,PROMOTION,Event Expenses
Commission Expense,PROMOTION,Commission Expense
Subscriptions,PROMOTION,Subscriptions
Photography expense,PROMOTION,Photography expense
Complimentary Cost,PROMOTION,Complimentary Cost
Airfare,TRAVEL & ENTERTAINMENT,Total Travelling
Meals & Entertainment,TRAVEL & ENTERTAINMENT,Total Travelling
Taxi Charges & Local Travel,TRAVEL & ENTERTAINMENT,Total Travelling
Clearing and Freight charges,TRAVEL & ENTERTAINMENT,Total Travelling
Telephone,COMMUNICATION,Total Telecommunication Cost
Internet/Email,COMMUNICATION,Total Telecommunication Cost
Lodging,TRAVEL & ENTERTAINMENT,Total Travelling
Linen & Laundry,SUPPLIES & MAINTENANCE,Linen & Laundry
Cleaning Supplies,SUPPLIES & MAINTENANCE,Cleaning Supplies
Cleaning Contract Services,SUPPLIES & MAINTENANCE,Cleaning Contract Services
Pest Control,SUPPLIES & MAINTENANCE,Pest Control
Trash/Waste Removal Service,SUPPLIES & MAINTENANCE,Trash/Waste Removal Service
BOH Supplies & Accessories,SUPPLIES & MAINTENANCE,BOH Supplies & Accessories
FOH Supplies & Accessories,SUPPLIES & MAINTENANCE,FOH Supplies & Accessories
Paper Supplies,SUPPLIES & MAINTENANCE,Paper Supplies
Packaging Supplies,SUPPLIES & MAINTENANCE,Packaging Supplies
Chinaware,SUPPLIES & MAINTENANCE,Chinaware
Flatware,SUPPLIES & MAINTENANCE,Flatware
Glassware,SUPPLIES & MAINTENANCE,Glassware
Barware,SUPPLIES & MAINTENANCE,Barware
Music,SUPPLIES & MAINTENANCE,Music
"Landscape, Flowers & Candles",SUPPLIES & MAINTENANCE,"Landscape, Flowers & Candles"
Office Supplies/Stationery,SUPPLIES & MAINTENANCE,Office Supplies/Stationery
Menus,SUPPLIES & MAINTENANCE,Menus
IT Cost,SUPPLIES & MAINTENANCE,IT Cost
Equipment Rental,SUPPLIES & MAINTENANCE,Equipment Rental
Repairs - Building,REPAIRS & MAINTENANCE,Repairs - Building
Repairs - Equipment,REPAIRS & MAINTENANCE,Repairs - Equipment
Repairs - General,REPAIRS & MAINTENANCE,Repairs - General
Postage & Courier,SUPPLIES & MAINTENANCE,Postage & Courier
Propane Expenses,SUPPLIES & MAINTENANCE,Propane Expenses
Professional Fees,PROFESSIONAL FEES,Professional Fees
Legal Fees,PROFESSIONAL FEES,Legal Fees
Audit Fees,PROFESSIONAL FEES,Audit Fees
Tax Fees,PROFESSIONAL FEES,Tax Fees
Professional Fee,PROFESSIONAL FEES,Professional Fee
Accounting Fees,PROFESSIONAL FEES,Accounting Fees
Consulting Fees,PROFESSIONAL FEES,Consulting Fees
Payroll Processing Charges,FINANCIAL COST,Payroll Processing Charges
Credit Card Charges,FINANCIAL COST,Credit Card Charges
Bank Charges,FINANCIAL COST,Bank Charges
Donations,FINANCIAL COST,Donations
Royalties,FINANCIAL COST,Royalties
Tangible Property Taxes,FINANCIAL COST,Tangible Property Taxes
Penalties,FINANCIAL COST,Penalties
"Licenses, Permits, and Filing F",FINANCIAL COST,"Licenses, Permits, and Filing F"
Sales and Use Tax,FINANCIAL COST,Sales and Use Tax
Liability Insurance,FINANCIAL COST,Liability Insurance
Umbrella Insurance,FINANCIAL COST,Umbrella Insurance
Car Insurance,FINANCIAL COST,Car Insurance
Rent,OCCUPANCY,OCCUPANCY COST
Percentage Rent,OCCUPANCY,OCCUPANCY COST
Real Estate Escalation Tax,OCCUPANCY,OCCUPANCY COST
Commercial Rent Tax,OCCUPANCY,OCCUPANCY COST
Electricity,OCCUPANCY,OCCUPANCY COST
Gas,OCCUPANCY,OCCUPANCY COST
Water,OCCUPANCY,OCCUPANCY COST
Storage Rent,OCCUPANCY,OCCUPANCY COST
Security and Alarm,OCCUPANCY,OCCUPANCY COST
CAM Charges,OCCUPANCY,OCCUPANCY COST
Gross Profit - Beer,Gross Profit - Beer,Gross Profit - Beer
Gross Profit - Other Bev,Gross Profit - Other Bev,Gross Profit - Other Bev
Other Income,OTHER INCOME,Other Income
GROSS PROFIT,GROSS PROFIT,GROSS PROFIT
Ask My Accountant,OTHER EXPENSES,Ask My Accountant
Interest Expense,OTHER EXPENSES,Interest Expense
UBT Taxes,OTHER EXPENSES,UBT Taxes
Pre-Opening Expenses,OTHER EXPENSES,Pre-Opening Expenses
Short/Extra,OTHER EXPENSES,Short/Extra
Corporate Tax Expense,Corporate Tax Expense,Corporate Tax Expense
Depreciation Expense,P & L Depreciation,P & L Depreciation
Amortization Expense,P & L Amortization,P & L Amortization
Write Off,OTHER EXPENSES,Write Off
TOTAL COST OF GOODS SOLD,TOTAL COST OF GOODS SOLD,TOTAL COST OF GOODS SOLD
GROSS PROFIT,GROSS PROFIT,GROSS PROFIT
STAFF COST,STAFF COST,STAFF COST
Revenue - Other,REVENUE,REVENUE
Revenue - Food,REVENUE,REVENUE
Revenue - Tea/Coffee,REVENUE,REVENUE
Revenue - Wines,REVENUE,REVENUE
Revenue - Champagne,REVENUE,REVENUE
Revenue - Liquor,REVENUE,REVENUE
Revenue - Beer,REVENUE,REVENUE
Revenue - Other Beverages,REVENUE,REVENUE
Revenue - Retails,REVENUE,REVENUE
Revenue - No Sales Category,REVENUE,REVENUE
TOTAL OPERATING EXPENSES,TOTAL OPERATING EXPENSES,TOTAL OPERATING EXPENSES
EBITDA,EBITDA,EBITDA
PROFIT BEFORE TAX & DEPRECIATION,PROFIT BEFORE TAX & DEPRECIATION,PROFIT BEFORE TAX & DEPRECIATION
P & L Depreciation,P & L Depreciation,P & L Depreciation
P & L Amortization,P & L Amortization,P & L Amortization
NET PROFIT/(LOSS),NET PROFIT/(LOSS),Total NET PROFIT/(LOSS)
Cost of Sales - Food - Other,Total Cost of Sales - Food,Total Cost of Sales - Food
Food Purchases,Total Cost of Sales - Food,Total Cost of Sales - Food
Food - Stock Adjustment,Total Cost of Sales - Food,Total Cost of Sales - Food
Cost of Sales - Tea/Coffee - Other,Total Cost of Sales Tea/Coffee,Total Cost of Sales Tea/Coffee
Tea/Coffee Purchases,Total Cost of Sales Tea/Coffee,Total Cost of Sales Tea/Coffee
Tea/Coffee - Stock Adjustment,Total Cost of Sales Tea/Coffee,Total Cost of Sales Tea/Coffee
Cost of Sales - Wine - Other,Total Cost of Sales Wine,Total Cost of Sales Wine
Wine Purchases,Total Cost of Sales Wine,Total Cost of Sales Wine
Wine - Stock Adjustment,Total Cost of Sales Wine,Total Cost of Sales Wine
Cost of Sales - Champagne - Other,Total Cost of Sales Champagne,Total Cost of Sales Champagne
Champagne Purchases,Total Cost of Sales Champagne,Total Cost of Sales Champagne
Champagne - Stock Adjustment,Total Cost of Sales Champagne,Total Cost of Sales Champagne
Cost of Sales - Liquor - Other,Total Cost of Sales - Liquor,Total Cost of Sales - Liquor
Liquor Purchases,Total Cost of Sales - Liquor,Total Cost of Sales - Liquor
Liquor - Stock Adjustment,Total Cost of Sales - Liquor,Total Cost of Sales - Liquor
Cost of Sales - Beer - Other,Total Cost of Sales - Beer,Total Cost of Sales - Beer
Beer Purchases,Total Cost of Sales - Beer,Total Cost of Sales - Beer
Beer - Stock Adjustment,Total Cost of Sales - Beer,Total Cost of Sales - Beer
Cost of Sales - Other Bev - Other,Total Cost of Sales - Other Beverages,Total Cost of Sales - Other Beverages
Other Bev Purchases,Total Cost of Sales - Other Beverages,Total Cost of Sales - Other Beverages
Other Bev - Stock Adjustment,Total Cost of Sales - Other Beverages,Total Cost of Sales - Other Beverages
Cost of Sales - Retails - Other,Total Cost of Sales - Retail,Total Cost of Sales - Retail
Retail Purchases,Total Cost of Sales - Retail,Total Cost of Sales - Retail
Retail - Stock Adjustment,Total Cost of Sales - Retail,Total Cost of Sales - Retail
Labor Cost - Other,TOTAL EMPLOYEE BENEFITS,TOTAL EMPLOYEE BENEFITS
Wage Cost - Other,Wage Cost - Other,Wage Cost - Other
FOH,Total Wages - B.O.H. Salaried,Total Wages - B.O.H. Salaried
Wages - F.O.H. Salaried - Other,Total Wages - F.O.H. Salaried,Total Wages - F.O.H. Salaried
General Manager,Total Wages - F.O.H. Salaried,Total Wages - F.O.H. Salaried
Beverage Manager,Total Wages - F.O.H. Salaried,Total Wages - F.O.H. Salaried
Floor Manager,Total Wages - F.O.H. Salaried,Total Wages - F.O.H. Salaried
Assistant GM,Total Wages - F.O.H. Salaried,Total Wages - F.O.H. Salaried
Wages - F.O.H. Hourly - Other,Total Wages - F.O.H. Hourly,Total Wages - F.O.H. Hourly
Server?,Total Wages - F.O.H. Hourly,Total Wages - F.O.H. Hourly
Busser?,Total Wages - F.O.H. Hourly,Total Wages - F.O.H. Hourly
Runner?,Total Wages - F.O.H. Hourly,Total Wages - F.O.H. Hourly
Bartender?,Total Wages - F.O.H. Hourly,Total Wages - F.O.H. Hourly
Barback?,Total Wages - F.O.H. Hourly,Total Wages - F.O.H. Hourly
Hostess?,Total Wages - F.O.H. Hourly,Total Wages - F.O.H. Hourly
Cocktail Server,Total Wages - F.O.H. Hourly,Total Wages - F.O.H. Hourly
Back Server,Total Wages - F.O.H. Hourly,Total Wages - F.O.H. Hourly
Bathroom attendants,Total Wages - F.O.H. Hourly,Total Wages - F.O.H. Hourly
Wages - F.O.H. Hourly - OT - Other,Total Wages - F.O.H. Hourly - OT,Total Wages - F.O.H. Hourly - OT
Server,Total Wages - F.O.H. Hourly - OT,Total Wages - F.O.H. Hourly - OT
Busser,Total Wages - F.O.H. Hourly - OT,Total Wages - F.O.H. Hourly - OT
Runner,Total Wages - F.O.H. Hourly - OT,Total Wages - F.O.H. Hourly - OT
Bartender,Total Wages - F.O.H. Hourly - OT,Total Wages - F.O.H. Hourly - OT
Barback,Total Wages - F.O.H. Hourly - OT,Total Wages - F.O.H. Hourly - OT
Hostess,Total Wages - F.O.H. Hourly - OT,Total Wages - F.O.H. Hourly - OT
Wages - 1099 - Other,TOTAL WAGES - 1099,TOTAL WAGES - 1099
FOH -1099 - Other,TOTAL WAGES - 1099,TOTAL WAGES - 1099
Wages F.O.H. Salaried 1099 - Other,TOTAL WAGES - 1099,TOTAL WAGES - 1099
GM 1099,TOTAL WAGES - 1099,TOTAL WAGES - 1099
BOH - 1099,TOTAL WAGES - 1099,TOTAL WAGES - 1099
BOH,BOH,BOH
Wages - B.O.H. Salaried - Other,Total Wages - B.O.H. Salaried,Total Wages - B.O.H. Salaried
Executive Chef,Total Wages - B.O.H. Salaried,Total Wages - B.O.H. Salaried
Sous Chef,Total Wages - B.O.H. Salaried,Total Wages - B.O.H. Salaried
Chef de Cuisine,Total Wages - B.O.H. Salaried,Total Wages - B.O.H. Salaried
Wages - B.O.H. Hourly - Other,Total Wages - B.O.H. Hourly,Total Wages - B.O.H. Hourly
Cook?,Total Wages - B.O.H. Hourly,Total Wages - B.O.H. Hourly
Steward?,Total Wages - B.O.H. Hourly,Total Wages - B.O.H. Hourly
Receiving Clerk?,Total Wages - B.O.H. Hourly,Total Wages - B.O.H. Hourly
Polisher,Total Wages - B.O.H. Hourly,Total Wages - B.O.H. Hourly
Dish Washer,Total Wages - B.O.H. Hourly,Total Wages - B.O.H. Hourly
Prep Cook,Total Wages - B.O.H. Hourly,Total Wages - B.O.H. Hourly
Porter,Total Wages - B.O.H. Hourly,Total Wages - B.O.H. Hourly
Wages - B.O.H. Hourly - OT - Other,Total Wages - B.O.H. Hourly - OT,Total Wages - B.O.H. Hourly - OT
Cook,Total Wages - B.O.H. Hourly - OT,Total Wages - B.O.H. Hourly - OT
Steward,Total Wages - B.O.H. Hourly - OT,Total Wages - B.O.H. Hourly - OT
Receiving Clerk,Total Wages - B.O.H. Hourly - OT,Total Wages - B.O.H. Hourly - OT
Employer Taxes - Other,TOTAL EMPLOYER TAXES,TOTAL EMPLOYER TAXES
Social Security,TOTAL EMPLOYER TAXES,TOTAL EMPLOYER TAXES
Medicare,TOTAL EMPLOYER TAXES,TOTAL EMPLOYER TAXES
Federal FUTA,TOTAL EMPLOYER TAXES,TOTAL EMPLOYER TAXES
NY MTA,TOTAL EMPLOYER TAXES,TOTAL EMPLOYER TAXES
State SUI,TOTAL EMPLOYER TAXES,TOTAL EMPLOYER TAXES
OASDI,TOTAL EMPLOYER TAXES,TOTAL EMPLOYER TAXES
Ny Re-employment,TOTAL EMPLOYER TAXES,TOTAL EMPLOYER TAXES
Marketing,Total Wages - F.O.H. Salaried,Total Wages - F.O.H. Salaried
Handyman,Total Wages - F.O.H. Salaried,Total Wages - F.O.H. Salaried
Other Staff Costs - Other,OTHER STAFF COST,Total OTHER STAFF COST
Contract Labor - Other,OTHER STAFF COST,Total OTHER STAFF COST
Wages - Agency,OTHER STAFF COST,Total OTHER STAFF COST
Wages - 1099,OTHER STAFF COST,Total OTHER STAFF COST
Wages - Security - 1099,OTHER STAFF COST,Total OTHER STAFF COST
Employee Benefits - Other,TOTAL EMPLOYEE BENEFITS,TOTAL EMPLOYEE BENEFITS
Workers' Compensation Insurance,TOTAL EMPLOYEE BENEFITS,TOTAL EMPLOYEE BENEFITS
Staff Recruitment,TOTAL EMPLOYEE BENEFITS,TOTAL EMPLOYEE BENEFITS
Staff Training,TOTAL EMPLOYEE BENEFITS,TOTAL EMPLOYEE BENEFITS
Staff Uniforms,TOTAL EMPLOYEE BENEFITS,TOTAL EMPLOYEE BENEFITS
Staff Meals,TOTAL EMPLOYEE BENEFITS,TOTAL EMPLOYEE BENEFITS
Staff Welfare,TOTAL EMPLOYEE BENEFITS,TOTAL EMPLOYEE BENEFITS
Staff Accommodation/Relocation,TOTAL EMPLOYEE BENEFITS,TOTAL EMPLOYEE BENEFITS
Staff First Aid,TOTAL EMPLOYEE BENEFITS,TOTAL EMPLOYEE BENEFITS
Staff Insurance - Other,TOTAL EMPLOYEE BENEFITS,TOTAL EMPLOYEE BENEFITS
Medical,TOTAL EMPLOYEE BENEFITS,TOTAL EMPLOYEE BENEFITS
DBL / PFL,TOTAL EMPLOYEE BENEFITS,TOTAL EMPLOYEE BENEFITS
Vision,TOTAL EMPLOYEE BENEFITS,TOTAL EMPLOYEE BENEFITS
Advertising and Promotion - Other,TOTAL ADVERTISING AND MARKETING,TOTAL ADVERTISING AND MARKETING
Advertising,TOTAL ADVERTISING AND MARKETING,TOTAL ADVERTISING AND MARKETING
Public Relations,TOTAL ADVERTISING AND MARKETING,TOTAL ADVERTISING AND MARKETING
InKind Credit Expense,TOTAL ADVERTISING AND MARKETING,TOTAL ADVERTISING AND MARKETING
Branding & Design,TOTAL ADVERTISING AND MARKETING,TOTAL ADVERTISING AND MARKETING
R & D,TOTAL ADVERTISING AND MARKETING,TOTAL ADVERTISING AND MARKETING
Event Expenses,TOTAL ADVERTISING AND MARKETING,TOTAL ADVERTISING AND MARKETING
Commission Expense,TOTAL ADVERTISING AND MARKETING,TOTAL ADVERTISING AND MARKETING
Subscriptions,TOTAL ADVERTISING AND MARKETING,TOTAL ADVERTISING AND MARKETING
Photography expense,TOTAL ADVERTISING AND MARKETING,TOTAL ADVERTISING AND MARKETING
Complimentary Cost,TOTAL ADVERTISING AND MARKETING,TOTAL ADVERTISING AND MARKETING
General & Admin Expenses - Other,TOTAL GENERAL & ADMIN EXPENSES,TOTAL GENERAL & ADMIN EXPENSES
Travel and Entertainment - Other,TOTAL GENERAL & ADMIN EXPENSES,TOTAL GENERAL & ADMIN EXPENSES
Web Design & Maintenance,TOTAL GENERAL & ADMIN EXPENSES,TOTAL GENERAL & ADMIN EXPENSES
Valet Parking - Guest,TOTAL GENERAL & ADMIN EXPENSES,TOTAL GENERAL & ADMIN EXPENSES
Clearing and Freight charges,TOTAL GENERAL & ADMIN EXPENSES,TOTAL GENERAL & ADMIN EXPENSES
Telephone,TOTAL GENERAL & ADMIN EXPENSES,TOTAL GENERAL & ADMIN EXPENSES
Internet/Email,TOTAL GENERAL & ADMIN EXPENSES,TOTAL GENERAL & ADMIN EXPENSES
Airfare,TOTAL GENERAL & ADMIN EXPENSES,TOTAL GENERAL & ADMIN EXPENSES
Meals & Entertainment,TOTAL GENERAL & ADMIN EXPENSES,TOTAL GENERAL & ADMIN EXPENSES
Lodging,TOTAL GENERAL & ADMIN EXPENSES,TOTAL GENERAL & ADMIN EXPENSES
Travel Expenses,TOTAL GENERAL & ADMIN EXPENSES,TOTAL GENERAL & ADMIN EXPENSES
Auto Expense,TOTAL GENERAL & ADMIN EXPENSES,TOTAL GENERAL & ADMIN EXPENSES
Taxi / Gas / Parking Expense,TOTAL GENERAL & ADMIN EXPENSES,TOTAL GENERAL & ADMIN EXPENSES
Professional Charges - Other,TOTAL PROFESSIONAL CHARGES,TOTAL PROFESSIONAL CHARGES
Legal Fees,TOTAL PROFESSIONAL CHARGES,TOTAL PROFESSIONAL CHARGES
Audit Fees,TOTAL PROFESSIONAL CHARGES,TOTAL PROFESSIONAL CHARGES
Tax Fees,TOTAL PROFESSIONAL CHARGES,TOTAL PROFESSIONAL CHARGES
Professional Fees,TOTAL PROFESSIONAL CHARGES,TOTAL PROFESSIONAL CHARGES
Accounting Fees,TOTAL PROFESSIONAL CHARGES,TOTAL PROFESSIONAL CHARGES
Consulting Fees,TOTAL PROFESSIONAL CHARGES,TOTAL PROFESSIONAL CHARGES
Supplies and Maintenance - Other,TOTAL OTHER OPERATING EXPENSES,TOTAL OTHER OPERATING EXPENSES
Linen & Laundry,TOTAL OTHER OPERATING EXPENSES,TOTAL OTHER OPERATING EXPENSES
Cleaning Supplies,TOTAL OTHER OPERATING EXPENSES,TOTAL OTHER OPERATING EXPENSES
Cleaning Contract Services,TOTAL OTHER OPERATING EXPENSES,TOTAL OTHER OPERATING EXPENSES
Pest Control,TOTAL OTHER OPERATING EXPENSES,TOTAL OTHER OPERATING EXPENSES
Trash/Waste Removal Service,TOTAL OTHER OPERATING EXPENSES,TOTAL OTHER OPERATING EXPENSES
BOH Supplies & Accessories,TOTAL OTHER OPERATING EXPENSES,TOTAL OTHER OPERATING EXPENSES
FOH Supplies & Accessories,TOTAL OTHER OPERATING EXPENSES,TOTAL OTHER OPERATING EXPENSES
Paper Supplies,TOTAL OTHER OPERATING EXPENSES,TOTAL OTHER OPERATING EXPENSES
Packaging Supplies,TOTAL OTHER OPERATING EXPENSES,TOTAL OTHER OPERATING EXPENSES
Chinaware,TOTAL OTHER OPERATING EXPENSES,TOTAL OTHER OPERATING EXPENSES
Flatware,TOTAL OTHER OPERATING EXPENSES,TOTAL OTHER OPERATING EXPENSES
Glassware,TOTAL OTHER OPERATING EXPENSES,TOTAL OTHER OPERATING EXPENSES
Barware,TOTAL OTHER OPERATING EXPENSES,TOTAL OTHER OPERATING EXPENSES
Music,TOTAL OTHER OPERATING EXPENSES,TOTAL OTHER OPERATING EXPENSES
"Landscape, Flowers & Candles",TOTAL OTHER OPERATING EXPENSES,TOTAL OTHER OPERATING EXPENSES
Office Supplies/Stationery,TOTAL OTHER OPERATING EXPENSES,TOTAL OTHER OPERATING EXPENSES
Menus,TOTAL OTHER OPERATING EXPENSES,TOTAL OTHER OPERATING EXPENSES
IT Cost,TOTAL OTHER OPERATING EXPENSES,TOTAL OTHER OPERATING EXPENSES
Equipment Rental,TOTAL OTHER OPERATING EXPENSES,TOTAL OTHER OPERATING EXPENSES
Repairs - Building,TOTAL OTHER OPERATING EXPENSES,TOTAL OTHER OPERATING EXPENSES
Repairs - Equipment,TOTAL OTHER OPERATING EXPENSES,TOTAL OTHER OPERATING EXPENSES
Repairs - General,TOTAL OTHER OPERATING EXPENSES,TOTAL OTHER OPERATING EXPENSES
Postage & Courier,TOTAL OTHER OPERATING EXPENSES,TOTAL OTHER OPERATING EXPENSES
Financial Costs - Other,TOTAL FINANCIAL COSTS,TOTAL FINANCIAL COSTS
Payroll Processing Charges,TOTAL FINANCIAL COSTS,TOTAL FINANCIAL COSTS
Credit Card Charges,TOTAL FINANCIAL COSTS,TOTAL FINANCIAL COSTS
Bank Charges,TOTAL FINANCIAL COSTS,TOTAL FINANCIAL COSTS
Donations,TOTAL FINANCIAL COSTS,TOTAL FINANCIAL COSTS
Royalties,TOTAL FINANCIAL COSTS,TOTAL FINANCIAL COSTS
Tangible Property Taxes,TOTAL FINANCIAL COSTS,TOTAL FINANCIAL COSTS
Penalties,TOTAL FINANCIAL COSTS,TOTAL FINANCIAL COSTS
"Licenses, Permits & Filing Fees",TOTAL FINANCIAL COSTS,TOTAL FINANCIAL COSTS
Sales and Use Tax,TOTAL FINANCIAL COSTS,TOTAL FINANCIAL COSTS
Late Payment Charges,TOTAL FINANCIAL COSTS,TOTAL FINANCIAL COSTS
Stripe processing fee,TOTAL FINANCIAL COSTS,TOTAL FINANCIAL COSTS
Insurance Expense - Other,TOTAL FINANCIAL COSTS,TOTAL FINANCIAL COSTS
Liability Insurance,TOTAL FINANCIAL COSTS,TOTAL FINANCIAL COSTS
Property Insurance,TOTAL FINANCIAL COSTS,TOTAL FINANCIAL COSTS
Umbrella Insurance,TOTAL FINANCIAL COSTS,TOTAL FINANCIAL COSTS
EPLI Insurance,TOTAL FINANCIAL COSTS,TOTAL FINANCIAL COSTS
Occupancy Costs - Other,TOTAL OCCUPANCY COST,TOTAL OCCUPANCY COST
Rent,TOTAL OCCUPANCY COST,TOTAL OCCUPANCY COST
Percentage Rent,TOTAL OCCUPANCY COST,TOTAL OCCUPANCY COST
Real Estate Escalation Tax,TOTAL OCCUPANCY COST,TOTAL OCCUPANCY COST
Commercial Rent Tax,TOTAL OCCUPANCY COST,TOTAL OCCUPANCY COST
Electricity,TOTAL OCCUPANCY COST,TOTAL OCCUPANCY COST
Gas,TOTAL OCCUPANCY COST,TOTAL OCCUPANCY COST
Water,TOTAL OCCUPANCY COST,TOTAL OCCUPANCY COST
Storage Rent,TOTAL OCCUPANCY COST,TOTAL OCCUPANCY COST
Security and Alarm,TOTAL OCCUPANCY COST,TOTAL OCCUPANCY COST
CAM Charges,TOTAL OCCUPANCY COST,TOTAL OCCUPANCY COST
Uncategorized Expenses,TOTAL OCCUPANCY COST,TOTAL OCCUPANCY COST
Sales Adjustments - Other,Total SALES ADJUSTMENTS,SALES ADJUSTMENTS
Chargebacks,Total SALES ADJUSTMENTS,SALES ADJUSTMENTS
Extra/Short Receipts,Total SALES ADJUSTMENTS,SALES ADJUSTMENTS
Under/Over,Total SALES ADJUSTMENTS,SALES ADJUSTMENTS
Digital Sales - Adjustments,Total SALES ADJUSTMENTS,SALES ADJUSTMENTS
Other Income - Other,Other Income,Other Income
Interest Income,Other Income,Other Income
Other Misc Income,Other Income,Other Income
Uncategorized Income,Other Income,Other Income
TOTAL BEVERAGES,TOTAL BEVERAGES,TOTAL BEVERAGES
Interest Expense,Other Expenses,Other Expenses
Interest Paid on Loans - 1,Other Expenses,Other Expenses
Interest Paid on Loans - 2,Other Expenses,Other Expenses
Interest on Tax/Penalties,Other Expenses,Other Expenses
Corporate Tax Expense,Total SALES ADJUSTMENTS,SALES ADJUSTMENTS
Depreciation Expense - Other,Other Expenses,Other Expenses
Leasehold,Other Expenses,Other Expenses
Kitchen/Hood,Other Expenses,Other Expenses
Machinery and Equipment,Other Expenses,Other Expenses
Furniture and Fixtures,Other Expenses,Other Expenses
Amortization Expense - Other,Other Expenses,Other Expenses
Fees,Other Expenses,Other Expenses
Intangible Assets,Other Expenses,Other Expenses
Start-Up Costs,Other Expenses,Other Expenses
Other Expenses,Other Expenses,Other Expenses
Other Expenses,Other Expenses,Other Expenses
Budgeted Revenue,REVENUE,REVENUE
Gross Profit - Liquor,Gross Profit - Liquor,Gross Profit - Liquor
Gross Profit - Beer,Gross Profit - Beer,Gross Profit - Beer
Gross Profit - Beer,Gross Profit - Beer,Gross Profit - Beer
Gross Profit - Other Bev,Gross Profit - Other Bev,Gross Profit - Other Bev
Budgeted Gross Profit,Budgeted Gross Profit,Budgeted Gross Profit
GROSS PROFIT,GROSS PROFIT,GROSS PROFIT
Budgeted COGS,COST OF GOODS SOLD,COST OF GOODS SOLD
TOTAL OPERATING EXPENSES,TOTAL OPERATING EXPENSES,TOTAL OPERATING EXPENSES
EBITDA,EBITDA,EBITDA
Budgeted FOH Cost,TOTAL STAFF COST,TOTAL FOH SALARIES
Revenue - Food,REVENUE,REVENUE
Revenue - Tea/Coffee,REVENUE,REVENUE
Revenue - Wines,REVENUE,REVENUE
Revenue - Liquor,REVENUE,REVENUE
Revenue - Beer,REVENUE,REVENUE
Revenue - Other Beverages,REVENUE,REVENUE
Revenue - Retails,REVENUE,REVENUE
Revenue Comps,REVENUE,REVENUE
Revenue - Others,REVENUE,REVENUE
PROFIT BEFORE TAX & DEPRECIATION,PROFIT BEFORE TAX & DEPRECIATION,PROFIT BEFORE TAX & DEPRECIATION
P & L Amortization,P & L Depreciation & Amortization,P & L Amortization
NET PROFIT/(LOSS),NET PROFIT/(LOSS),NET PROFIT/(LOSS)
Budgeted BOH Cost,TOTAL STAFF COST,BOH SALARIES
Cost of Sales - Food,COST OF GOODS SOLD,COST OF GOODS SOLD
Cost of Sales - Food,COST OF GOODS SOLD,COST OF GOODS SOLD
Cost of Sales - Food,COST OF GOODS SOLD,COST OF GOODS SOLD
Cost of Sales - Food,COST OF GOODS SOLD,COST OF GOODS SOLD
Cost of Sales - Food,COST OF GOODS SOLD,COST OF GOODS SOLD
Cost of Sales - Food,COST OF GOODS SOLD,COST OF GOODS SOLD
Cost of Sales - Food,COST OF GOODS SOLD,COST OF GOODS SOLD
Cost of Sales - Food,COST OF GOODS SOLD,COST OF GOODS SOLD
Cost of Sales - Food,COST OF GOODS SOLD,COST OF GOODS SOLD
Cost of Sales - Food,COST OF GOODS SOLD,COST OF GOODS SOLD
Cost of Sales - Food,COST OF GOODS SOLD,COST OF GOODS SOLD
Tea/Coffee Purchases,COST OF GOODS SOLD,COST OF GOODS SOLD
Cost of Sales - Wine,COST OF GOODS SOLD,COST OF GOODS SOLD
Cost of Sales - Wine,COST OF GOODS SOLD,COST OF GOODS SOLD
Cost of Sales - Wine,COST OF GOODS SOLD,COST OF GOODS SOLD
Cost of Sales - Liquor,COST OF GOODS SOLD,COST OF GOODS SOLD
Cost of Sales - Liquor,COST OF GOODS SOLD,COST OF GOODS SOLD
Cost of Sales - Liquor,COST OF GOODS SOLD,COST OF GOODS SOLD
Cost of Sales - Beer,COST OF GOODS SOLD,COST OF GOODS SOLD
Cost of Sales - Beer,COST OF GOODS SOLD,COST OF GOODS SOLD
Cost of Sales - Beer,COST OF GOODS SOLD,COST OF GOODS SOLD
Cost of Sales - Other Bev,COST OF GOODS SOLD,COST OF GOODS SOLD
Cost of Sales - Other Bev,COST OF GOODS SOLD,COST OF GOODS SOLD
Cost of Sales - Other Bev,COST OF GOODS SOLD,COST OF GOODS SOLD
Cost of Sales - Retails,COST OF GOODS SOLD,COST OF GOODS SOLD
Total Beverages,Total Beverages,Total Beverages
PPP Payroll Expense,TOTAL STAFF COST,PPP Payroll Expense
FOH,TOTAL STAFF COST,TOTAL FOH SALARIES
Management,TOTAL STAFF COST,TOTAL FOH SALARIES
Admin,TOTAL STAFF COST,TOTAL FOH SALARIES
Wages - Bonus FOH,TOTAL STAFF COST,TOTAL FOH SALARIES
Management - William Abadie,TOTAL STAFF COST,TOTAL FOH SALARIES
Waiter,TOTAL STAFF COST,TOTAL FOH SALARIES
Busboy,TOTAL STAFF COST,TOTAL FOH SALARIES
Runner,TOTAL STAFF COST,TOTAL FOH SALARIES
Bar,TOTAL STAFF COST,TOTAL FOH SALARIES
Hostess,TOTAL STAFF COST,TOTAL FOH SALARIES
Wages F.O.H. Overtime,TOTAL STAFF COST,TOTAL FOH SALARIES
BOH,TOTAL STAFF COST,BOH SALARIES
Wages - Bonus BOH,TOTAL STAFF COST,BOH SALARIES
Kitchen,TOTAL STAFF COST,BOH SALARIES
Porter,TOTAL STAFF COST,BOH SALARIES
Polisher,TOTAL STAFF COST,BOH SALARIES
Wages B.O.H. Overtime,TOTAL STAFF COST,BOH SALARIES
Employer Taxes,TOTAL STAFF COST,Employer Taxes
Employer Taxes,TOTAL STAFF COST,Employer Taxes
Employer Taxes,TOTAL STAFF COST,Employer Taxes
Employer Taxes,TOTAL STAFF COST,Employer Taxes
Employer Taxes,TOTAL STAFF COST,Employer Taxes
Wages - 1099,TOTAL STAFF COST,Wages - 1099
Worker's Compensation Insurance,TOTAL OTHER STAFF COST,TOTAL OTHER STAFF COST
Staff Recruitment,TOTAL OTHER STAFF COST,TOTAL OTHER STAFF COST
Staff Training,TOTAL OTHER STAFF COST,TOTAL OTHER STAFF COST
Staff Uniforms,TOTAL OTHER STAFF COST,TOTAL OTHER STAFF COST
Staff Meals,TOTAL OTHER STAFF COST,TOTAL OTHER STAFF COST
Staff Welfare,TOTAL OTHER STAFF COST,TOTAL OTHER STAFF COST
Staff Accommodation/Relocation,TOTAL OTHER STAFF COST,TOTAL OTHER STAFF COST
Staff First Aid,TOTAL OTHER STAFF COST,TOTAL OTHER STAFF COST
Staff Insurance,TOTAL OTHER STAFF COST,TOTAL OTHER STAFF COST
Disability,TOTAL OTHER STAFF COST,TOTAL OTHER STAFF COST
NY-PFL,TOTAL OTHER STAFF COST,TOTAL OTHER STAFF COST
Advertising,TOTAL SALES & MARKETING,TOTAL SALES & MARKETING
Public Relations,TOTAL SALES & MARKETING,TOTAL SALES & MARKETING
Branding & Design,TOTAL SALES & MARKETING,TOTAL SALES & MARKETING
R & D,TOTAL SALES & MARKETING,TOTAL SALES & MARKETING
Event Expenses,TOTAL SALES & MARKETING,TOTAL SALES & MARKETING
Commission Expense,TOTAL SALES & MARKETING,TOTAL SALES & MARKETING
Subscriptions,TOTAL SALES & MARKETING,TOTAL SALES & MARKETING
Photography expense,TOTAL SALES & MARKETING,TOTAL SALES & MARKETING
Complimentary Cost,TOTAL SALES & MARKETING,TOTAL SALES & MARKETING
Marketing Expense,TOTAL SALES & MARKETING,TOTAL SALES & MARKETING
Commission Expense,TOTAL SALES & MARKETING,TOTAL SALES & MARKETING
Airfare,TOTAL TRAVEL & ENTERTAINMENT,TOTAL TRAVEL & ENTERTAINMENT
Meals & Entertainment,TOTAL TRAVEL & ENTERTAINMENT,TOTAL TRAVEL & ENTERTAINMENT
Taxi/Travel Charges,TOTAL TRAVEL & ENTERTAINMENT,TOTAL TRAVEL & ENTERTAINMENT
Auto Expense,TOTAL TRAVEL & ENTERTAINMENT,TOTAL TRAVEL & ENTERTAINMENT
Web Design & Maintenance,TOTAL COMMUNICATION,TOTAL COMMUNICATION
Clearing and Freight charges,TOTAL COMMUNICATION,TOTAL COMMUNICATION
Telephone,TOTAL COMMUNICATION,TOTAL COMMUNICATION
Internet/Email,TOTAL COMMUNICATION,TOTAL COMMUNICATION
Chargebacks,Other Expenses,Other Expenses
Extra/Short Receipts,Other Expenses,Other Expenses
Under/Over,Other Expenses,Other Expenses
Digital Sales - Adjustments,Other Expenses,Other Expenses
Supplies and Maintenance - Other,TOTAL SUPPLIES & MAINTENANCE,TOTAL SUPPLIES & MAINTENANCE
Linen & Laundry,TOTAL SUPPLIES & MAINTENANCE,TOTAL SUPPLIES & MAINTENANCE
Cleaning Supplies,TOTAL SUPPLIES & MAINTENANCE,TOTAL SUPPLIES & MAINTENANCE
Cleaning Contract Services,TOTAL SUPPLIES & MAINTENANCE,TOTAL SUPPLIES & MAINTENANCE
Cleaning Supplies,TOTAL SUPPLIES & MAINTENANCE,TOTAL SUPPLIES & MAINTENANCE
Cleaning Supplies,TOTAL SUPPLIES & MAINTENANCE,TOTAL SUPPLIES & MAINTENANCE
Restaurant Supplies,TOTAL SUPPLIES & MAINTENANCE,TOTAL SUPPLIES & MAINTENANCE
Restaurant Supplies,TOTAL SUPPLIES & MAINTENANCE,TOTAL SUPPLIES & MAINTENANCE
Paper Supplies,TOTAL SUPPLIES & MAINTENANCE,TOTAL SUPPLIES & MAINTENANCE
Packaging Supplies,TOTAL SUPPLIES & MAINTENANCE,TOTAL SUPPLIES & MAINTENANCE
Chinaware,TOTAL SUPPLIES & MAINTENANCE,TOTAL SUPPLIES & MAINTENANCE
Flatware,TOTAL SUPPLIES & MAINTENANCE,TOTAL SUPPLIES & MAINTENANCE
Glassware,TOTAL SUPPLIES & MAINTENANCE,TOTAL SUPPLIES & MAINTENANCE
Barware,TOTAL SUPPLIES & MAINTENANCE,TOTAL SUPPLIES & MAINTENANCE
Music,TOTAL SUPPLIES & MAINTENANCE,TOTAL SUPPLIES & MAINTENANCE
"Landscape, Candles & Decor",TOTAL SUPPLIES & MAINTENANCE,TOTAL SUPPLIES & MAINTENANCE
Office Supplies/Stationery,TOTAL SUPPLIES & MAINTENANCE,TOTAL SUPPLIES & MAINTENANCE
Menus,TOTAL SUPPLIES & MAINTENANCE,TOTAL SUPPLIES & MAINTENANCE
IT Cost,TOTAL SUPPLIES & MAINTENANCE,TOTAL SUPPLIES & MAINTENANCE
Equipment Rental,TOTAL SUPPLIES & MAINTENANCE,TOTAL SUPPLIES & MAINTENANCE
Repairs - Building,TOTAL SUPPLIES & MAINTENANCE,TOTAL SUPPLIES & MAINTENANCE
Repairs - Equipment,TOTAL SUPPLIES & MAINTENANCE,TOTAL SUPPLIES & MAINTENANCE
Repairs - General,TOTAL SUPPLIES & MAINTENANCE,TOTAL SUPPLIES & MAINTENANCE
Postage & Courier,TOTAL SUPPLIES & MAINTENANCE,TOTAL SUPPLIES & MAINTENANCE
Flowers Expense,TOTAL SUPPLIES & MAINTENANCE,TOTAL SUPPLIES & MAINTENANCE
Tip Expense,TOTAL SUPPLIES & MAINTENANCE,TOTAL SUPPLIES & MAINTENANCE
Computer Expense,TOTAL SUPPLIES & MAINTENANCE,TOTAL SUPPLIES & MAINTENANCE
Maintenance Contract,TOTAL SUPPLIES & MAINTENANCE,TOTAL SUPPLIES & MAINTENANCE
Petty - Cash,TOTAL SUPPLIES & MAINTENANCE,TOTAL SUPPLIES & MAINTENANCE
Restaurant Supplies,TOTAL SUPPLIES & MAINTENANCE,TOTAL SUPPLIES & MAINTENANCE
Legal Fees,TOTAL PROFESSIONAL COST,TOTAL PROFESSIONAL COST
Filing Fees,TOTAL PROFESSIONAL COST,TOTAL PROFESSIONAL COST
Tax Fees,TOTAL PROFESSIONAL COST,TOTAL PROFESSIONAL COST
Professional Fees,TOTAL PROFESSIONAL COST,TOTAL PROFESSIONAL COST
Accounting Fees,TOTAL PROFESSIONAL COST,TOTAL PROFESSIONAL COST
Consulting Fees,TOTAL PROFESSIONAL COST,TOTAL PROFESSIONAL COST
Management Fees,TOTAL PROFESSIONAL COST,TOTAL PROFESSIONAL COST
Payroll Processing Charges,TOTAL OTHER FINANCIAL COSTS,TOTAL OTHER FINANCIAL COSTS
Credit Card Charges,TOTAL OTHER FINANCIAL COSTS,TOTAL OTHER FINANCIAL COSTS
Bank Charges,TOTAL OTHER FINANCIAL COSTS,TOTAL OTHER FINANCIAL COSTS
Donations,TOTAL OTHER FINANCIAL COSTS,TOTAL OTHER FINANCIAL COSTS
Royalties,TOTAL OTHER FINANCIAL COSTS,TOTAL OTHER FINANCIAL COSTS
Tangible Property Taxes,TOTAL OTHER FINANCIAL COSTS,TOTAL OTHER FINANCIAL COSTS
Penalties,TOTAL OTHER FINANCIAL COSTS,TOTAL OTHER FINANCIAL COSTS
"Licenses, Permits & Filing Fees",TOTAL OTHER FINANCIAL COSTS,TOTAL OTHER FINANCIAL COSTS
Sales & Use Tax,TOTAL OTHER FINANCIAL COSTS,TOTAL OTHER FINANCIAL COSTS
License Fee to Tutto Holdings,TOTAL OTHER FINANCIAL COSTS,TOTAL OTHER FINANCIAL COSTS
Insurance Expense,TOTAL OTHER FINANCIAL COSTS,TOTAL OTHER FINANCIAL COSTS
Insurance Expense,TOTAL OTHER FINANCIAL COSTS,TOTAL OTHER FINANCIAL COSTS
Insurance Expense,TOTAL OTHER FINANCIAL COSTS,TOTAL OTHER FINANCIAL COSTS
Uncategorized Expenses,Other Expenses,Other Expenses
Occupancy Costs - Other,TOTAL OCCUPANCY,TOTAL OCCUPANCY
Rent,TOTAL OCCUPANCY,TOTAL OCCUPANCY
Real Estate Escalation Tax,TOTAL OCCUPANCY,TOTAL OCCUPANCY
Commercial Rent Tax,TOTAL OCCUPANCY,TOTAL OCCUPANCY
Electricity,TOTAL OCCUPANCY,TOTAL OCCUPANCY
Gas,TOTAL OCCUPANCY,TOTAL OCCUPANCY
Water,TOTAL OCCUPANCY,TOTAL OCCUPANCY
Storage Rent,TOTAL OCCUPANCY,TOTAL OCCUPANCY
Security and Alarm,TOTAL OCCUPANCY,TOTAL OCCUPANCY
Gross Profit - Food,Gross Profit - Food,Gross Profit - Food
Other Income,Other Income,Other Income
Gross Profit - Wines,Gross Profit - Wines,Gross Profit - Wines
Interest on Loan,TOTAL OTHER FINANCIAL COSTS,TOTAL OTHER FINANCIAL COSTS
Corporate Tax Expense,Other Expenses,Other Expenses
Other Expenses,Other Expenses,Other Expenses
Postage and Delivery,Other Expenses,Other Expenses
Insurance Expense,TOTAL OTHER FINANCIAL COSTS,TOTAL OTHER FINANCIAL COSTS
Prior Period Adjustment,Other Expenses,Other Expenses
Cleaning - Stock adjustment,Other Expenses,Other Expenses
P & L Depreciation,P & L Depreciation & Amortization,P & L Depreciation
Other Expenses,Other Expenses,Other Expenses
Landlord Maintenance,Other Expenses,Other Expenses
Ask My Accountant,TOTAL SUPPLIES & MAINTENANCE,TOTAL SUPPLIES & MAINTENANCE
Total Cost of Sales - Food,COST OF GOODS SOLD,Total Cost of Sales - Food
Total Cost of Sales - Beverage,COST OF GOODS SOLD,Total Cost of Sales - Beverage
TOTAL COST OF GOODS SOLD - F&B,COST OF GOODS SOLD,TOTAL COST OF GOODS SOLD - F&B
GROSS PROFIT,GROSS PROFIT,GROSS PROFIT
Revenue In House - Other,REVENUE,Total Revenue In House
Revenue In House Food,REVENUE,Total Revenue In House
Revenue In House Soda BIB,REVENUE,Total Revenue In House
Revenue in House Soda Can,REVENUE,Total Revenue In House
Revenue In House Beer,REVENUE,Total Revenue In House
Revenue In House Ice Tea,REVENUE,Total Revenue In House
Revenue In House Wine,REVENUE,Total Revenue In House
Revenue In House Water,REVENUE,Total Revenue In House
Revenue in House Juice,REVENUE,Total Revenue In House
Revenue Delivery - Other,REVENUE,Total Revenue Delievery
Revenue Delivery Food,REVENUE,Total Revenue Delievery
Revenue Delivery Soda BIB,REVENUE,Total Revenue Delievery
Revenue Delivery Soda Can,REVENUE,Total Revenue Delievery
Revenue Delivery Beer,REVENUE,Total Revenue Delievery
Revenue Delivery Ice Tea,REVENUE,Total Revenue Delievery
Revenue Delivery Wine,REVENUE,Total Revenue Delievery
Revenue Delivery Water,REVENUE,Total Revenue Delievery
Revenue Delivery Juice,REVENUE,Total Revenue Delievery
Revenue - Retail,REVENUE,Revenue - Retail
Revenue - Delivery fee,REVENUE,Revenue - Delivery fee
Comps & Promos - Other,REVENUE,Total Comps & Promos
Comps & Promos (In House),REVENUE,Total Comps & Promos
Comps & Promos (Delivery),REVENUE,Total Comps & Promos
Sales Adjustment,REVENUE,Sales Adjustment
Licensing fees received,REVENUE,Licensing fees received
Management Fees Income,TOTAL INCOME,INCOME
Events,REVENUE,Events
TOTAL PRIME COST,TOTAL PRIME COST,TOTAL PRIME COST
TOTAL OPERATING EXPENSE,TOTAL OPERATING EXPENSE,TOTAL OPERATING EXPENSE
TOTAL STORE LEVEL EXPENSE,TOTAL STORE LEVEL EXPENSE,TOTAL STORE LEVEL EXPENSE
Food - Other,COST OF GOODS SOLD,Total Food
Food Purchases,COST OF GOODS SOLD,Total Food
Food - Stock Adjustment,COST OF GOODS SOLD,Total Food
Bakery - Other,COST OF GOODS SOLD,Total Cost of Sales - Bakery
Bakery Purchases,COST OF GOODS SOLD,Total Cost of Sales - Bakery
Bakery - Stock Adjustment,COST OF GOODS SOLD,Total Cost of Sales - Bakery
Dairy - Other,COST OF GOODS SOLD,Total Cost of Sales - Dairy
Dairy Purchases,COST OF GOODS SOLD,Total Cost of Sales - Dairy
Dairy - Stock Adjustment,COST OF GOODS SOLD,Total Cost of Sales - Dairy
Meat - Other,COST OF GOODS SOLD,Total Cost of Sales - Meat
Meat Purchases,COST OF GOODS SOLD,Total Cost of Sales - Meat
Meat - Stock Adjustment,COST OF GOODS SOLD,Total Cost of Sales - Meat
Mozzarella - Other,COST OF GOODS SOLD,Total Cost of Sales - Mozzarella
Mozzarella Purchases,COST OF GOODS SOLD,Total Cost of Sales - Mozzarella
Mozzarella - Stock Adjustment,COST OF GOODS SOLD,Total Cost of Sales - Mozzarella
Produce - Other,COST OF GOODS SOLD,Total Cost of Sales - Produce
Produce Purchases,COST OF GOODS SOLD,Total Cost of Sales - Produce
Produce - Stock Adjustment,COST OF GOODS SOLD,Total Cost of Sales - Produce
Seafood - Other,COST OF GOODS SOLD,Total Cost of Sales - Seafood
Seafood Purchases,COST OF GOODS SOLD,Total Cost of Sales - Seafood
Seafood - Stock Adjustment,COST OF GOODS SOLD,Total Cost of Sales - Seafood
Oils - Other,COST OF GOODS SOLD,Total Cost of Sales - Oils
Oils Purchases,COST OF GOODS SOLD,Total Cost of Sales - Oils
Oils - Stock Adjustment,COST OF GOODS SOLD,Total Cost of Sales - Oils
Sauces - Other,COST OF GOODS SOLD,Total Cost of Sales - Sauces
Sauces Purchases,COST OF GOODS SOLD,Total Cost of Sales - Sauces
Sauces - Stock Adjustment,COST OF GOODS SOLD,Total Cost of Sales - Sauces
Cost of Sales - Food - Other,COST OF GOODS SOLD,Cost of Sales - Food - Other
TOTAL STORE LEVEL PROFIT,TOTAL STORE LEVEL PROFIT,TOTAL STORE LEVEL PROFIT
Cost of Sales - Wine - Other,COST OF GOODS SOLD,Total Cost of Sales - Wine
Wine Purchases,COST OF GOODS SOLD,Total Cost of Sales - Wine
Wine - Stock Adjustment,COST OF GOODS SOLD,Total Cost of Sales - Wine
Cost of Goods Sold - Beverage - Other,COST OF GOODS SOLD,Cost of Goods Sold - Beverage - Other
Cost of Sales - Beer - Other,COST OF GOODS SOLD,Total Cost of Sales - Beer
Beer Purchases,COST OF GOODS SOLD,Total Cost of Sales - Beer
Beer - Stock Adjustment,COST OF GOODS SOLD,Total Cost of Sales - Beer
TOTAL OPERATING EXPENSES,TOTAL OPERATING EXPENSES,TOTAL OPERATING EXPENSES
Cost of Sales - Ice Tea - Other,COST OF GOODS SOLD,Total Cost of Sales - Ice Tea
Ice Tea Purchases,COST OF GOODS SOLD,Total Cost of Sales - Ice Tea
Ice Tea - Stock Adjustment,COST OF GOODS SOLD,Total Cost of Sales - Ice Tea
Cost of Sales - Soda - BIB - Other,COST OF GOODS SOLD,Total Cost of Sales - Soda - BIB
Soda - BIB Purchases,COST OF GOODS SOLD,Total Cost of Sales - Soda - BIB
Soda - BIB - Stock Adjustment,COST OF GOODS SOLD,Total Cost of Sales - Soda - BIB
EBITDA,EBITDA,EBITDA
Cost of Sales - Soda - Cans - Other,COST OF GOODS SOLD,Total Cost of Sales - Soda - Cane
Soda - Cans Purchases,COST OF GOODS SOLD,Total Cost of Sales - Soda - Cane
Soda - Cans - Stock Adjustment,COST OF GOODS SOLD,Total Cost of Sales - Soda - Cane
Cost of Sales - Juice - Other,COST OF GOODS SOLD,Total Cost of Sales - Juice
Juice Purchases,COST OF GOODS SOLD,Total Cost of Sales - Juice
Juice - Stock Adjustment,COST OF GOODS SOLD,Total Cost of Sales - Juice
Cost of Sales - Water - Other,COST OF GOODS SOLD,Total Cost of Sales - Water
Water Purchases,COST OF GOODS SOLD,Total Cost of Sales - Water
Water - Stock Adjustment,COST OF GOODS SOLD,Total Cost of Sales - Water
Cost of Sales - Events - Other,COST OF GOODS SOLD,Total Cost of Sales - Events
Event Items purchase,COST OF GOODS SOLD,Total Cost of Sales - Events
Cost of Sales - Retails - Other,COST OF GOODS SOLD,Cost of Sales - Retails - Other
Retail Purchases,COST OF GOODS SOLD,Retail Purchases
Retail - Stock Adjustment,COST OF GOODS SOLD,Retail - Stock Adjustment
Use Tax on Comps,G&A,Use Tax on Comps
PROFIT BEFORE TAX & DEPRECIATION,PROFIT BEFORE TAX & DEPRECIATION,PROFIT BEFORE TAX & DEPRECIATION
NET PROFIT/(LOSS),NET PROFIT/(LOSS),NET PROFIT/(LOSS)
Labour - Other,STAFF COST,TOTAL OTHER STAFF COST
Wages - Other,STAFF COST,Wages - Other
Employment Benefits - Other,STAFF COST,Total Employer Benefits
Wages - F.O.H. Wages - Other,STAFF COST,Total Wages - F.O.H. Wages
Wages - B.O.H. Wages - Other,STAFF COST,Total Wages - B.O.H. Hourly
Wages - F.O.H. Management,STAFF COST,Wages - F.O.H. Management
Wages - B.O.H. Management,STAFF COST,Wages - B.O.H. Management
Wages - Agency,STAFF COST,TOTAL OTHER STAFF COST
Wages - 1099,STAFF COST,TOTAL OTHER STAFF COST
Cash - Wages,STAFF COST,TOTAL OTHER STAFF COST
Consulting fees,STAFF COST,TOTAL OTHER STAFF COST
Executive Fees,STAFF COST,TOTAL OTHER STAFF COST
Catering & Admin,STAFF COST,TOTAL OTHER STAFF COST
Assistant Manager,STAFF COST,Total Wages - F.O.H. Wages
Counter,STAFF COST,Total Wages - F.O.H. Wages
Delivery,STAFF COST,Total Wages - B.O.H. Hourly
General Manager,STAFF COST,Total Wages - F.O.H. Wages
Shift Leader,STAFF COST,Total Wages - F.O.H. Wages
Pizza,STAFF COST,Total Wages - B.O.H. Hourly
Oven,STAFF COST,Total Wages - B.O.H. Hourly
Prep,STAFF COST,Total Wages - B.O.H. Hourly
Operations,STAFF COST,Total Wages - F.O.H. Wages
Payroll Expense,STAFF COST,TOTAL OTHER STAFF COST
Dishwasher/Porter,STAFF COST,Total Wages - B.O.H. Hourly
Catering/Social Media,TOTAL OTHER EXPENSES,OTHER EXPENSES
Human Resource,STAFF COST,Total Wages - F.O.H. Wages
Server,STAFF COST,Total Wages - F.O.H. Wages
Supervisor,STAFF COST,Total Wages - F.O.H. Wages
Employer Taxes - Other,STAFF COST,Total Employer Taxes
Federal FUTA,STAFF COST,Total Employer Taxes
Medicare & Social Security,STAFF COST,Total Employer Taxes
Ny Re-employment,STAFF COST,Total Employer Taxes
Ny MTAI,STAFF COST,Total Employer Taxes
State SUI,STAFF COST,Total Employer Taxes
OASDI,STAFF COST,Total Employer Taxes
ERTC,STAFF COST,Total Employer Taxes
Staff Workman's Comp,STAFF COST,Total Employer Benefits
Staff Insurance - Other,STAFF COST,Total Employer Benefits
Medical,STAFF COST,Total Employer Benefits
Dental,STAFF COST,Total Employer Benefits
Vision,STAFF COST,Total Employer Benefits
Disability,STAFF COST,Total Employer Benefits
PFL Insurance,STAFF COST,Total Employer Benefits
Staff Recruitment,STAFF COST,Total Employer Benefits
Staff Training,STAFF COST,Total Employer Benefits
Staff Uniforms,STAFF COST,Total Employer Benefits
Staff Meals,STAFF COST,Total Employer Benefits
Conveyance Charges,STAFF COST,Total Employer Benefits
Staff Accommodation/Relocation,STAFF COST,Total Employer Benefits
Staff First Aid,STAFF COST,Total Employer Benefits
Training,STAFF COST,Total Employer Benefits
Paid Time Off,STAFF COST,Total Employer Benefits
Bonus,STAFF COST,Total Employer Benefits
Vacation,STAFF COST,Total Employer Benefits
G&A - Other,G&A,G&A - Other
Advertising,CONTROLLABLES,Advertising
Public Relations,CONTROLLABLES,Public Relations
Marketing,CONTROLLABLES,Marketing
Branding & Design,TOTAL OTHER EXPENSES,OTHER EXPENSES
R & D,TOTAL OTHER EXPENSES,OTHER EXPENSES
Event Expenses,CONTROLLABLES,Event Expenses
Delivery Commission - Other,G&A,Total Delivery Commission Fees
Grubhub Commission,G&A,Total Delivery Commission Fees
Chownow Commission,G&A,Total Delivery Commission Fees
Ezcater Commission,G&A,Total Delivery Commission Fees
CaterCow Commission,G&A,Total Delivery Commission Fees
Slice Commission,G&A,Total Delivery Commission Fees
UberEats Commission,G&A,Total Delivery Commission Fees
Doordash Commission,G&A,Total Delivery Commission Fees
Too Good To Go Commission,G&A,Total Delivery Commission Fees
Sharebite Commission,G&A,Total Delivery Commission Fees
Subscriptions,G&A,Subscriptions
Photography expense,TOTAL OTHER EXPENSES,OTHER EXPENSES
Complimentary Cost,G&A,Complimentary Cost
Airfare,CONTROLLABLES,Airfare
Entertainment Meals,CONTROLLABLES,Entertainment Meals
Lodging,CONTROLLABLES,Lodging
Shipping and Freight,CONTROLLABLES,Shipping and Freight
Transportation,CONTROLLABLES,Transportation
Delivery Service Fees,G&A,Delivery Service Fees
Telecommunications - Other,CONTROLLABLES,Total Telecommunication Cost
Telephone,CONTROLLABLES,Total Telecommunication Cost
Postage & Courier,G&A,Postage & Courier
Internet,CONTROLLABLES,Total Telecommunication Cost
Cable (TV),CONTROLLABLES,Total Telecommunication Cost
Controllables - Other,CONTROLLABLES,Controllables - Other
Linen & Laundry,CONTROLLABLES,Linen & Laundry
Cleaning Supplies,CONTROLLABLES,Cleaning Supplies
Cleaning Contract Services,CONTROLLABLES,Cleaning Contract Services
Pest Control,G&A,Pest Control
Waste Removal Service,G&A,Waste Removal Service
FIre contract service,G&A,FIre contract service
Kitchen Supplies,CONTROLLABLES,Kitchen Supplies
FOH Supplies,CONTROLLABLES,FOH Supplies
Total Cost of Sales - Pizza Boxes,COST OF GOODS SOLD,Total Cost of Sales - Pizza Boxes
Total Cost of Sales - Paper Supplies,COST OF GOODS SOLD,Total Cost of Sales - Paper Supplies
Smallwares,CONTROLLABLES,Smallwares
Plasticware,CONTROLLABLES,Plasticware
Glassware,CONTROLLABLES,Glassware
Barware,CONTROLLABLES,Barware
Music,G&A,Music
Décor,CONTROLLABLES,Décor
Office Supplies/Stationery,CONTROLLABLES,Office Supplies/Stationery
Menus,CONTROLLABLES,Menus
Printing and Reproduction,CONTROLLABLES,Printing and Reproduction
IT,TOTAL OTHER EXPENSES,OTHER EXPENSES
Equipment Rental,CONTROLLABLES,Equipment Rental
Contributions,CONTROLLABLES,Contributions
Repairs - Building,CONTROLLABLES,Repairs - Building
Repairs - Equipment,CONTROLLABLES,Repairs - Equipment
Repairs - General,CONTROLLABLES,Repairs - General
Repairs - Electrical,CONTROLLABLES,Repairs - Electrical
Repairs - Plumbing,CONTROLLABLES,Repairs - Plumbing
Repairs - Refrigeration,CONTROLLABLES,Repairs - Refrigeration
Occupancy - Other,TOTAL OCCUPANCY COST,OCCUPANCY COST
Legal Fees,G&A,Legal Fees
Audit Fees,OTHER OPERATING EXPENSES,OTHER OPERATING EXPENSES
Tax Fees,G&A,Tax Fees
Professional Fees,TOTAL OTHER EXPENSES,OTHER EXPENSES
Accountancy Fees,G&A,Accountancy Fees
Consulting Fees,G&A,Consulting Fees
Payroll Processing Fees,G&A,Payroll Processing Fees
Credit Card Fees,G&A,Credit Card Fees
Credit Card Charges - Fania,G&A,Credit Card Charges - Fania
Credit Card Charges - Chris,G&A,Credit Card Charges - Chris
Credit Card Charges - Phil,G&A,Credit Card Charges - Phil
Chargeback (Toast),G&A,Chargeback (Toast)
Bank Charges,G&A,Bank Charges
Donations,OTHER OPERATING EXPENSES,OTHER OPERATING EXPENSES
Royalties,OTHER OPERATING EXPENSES,OTHER OPERATING EXPENSES
Corporation Tax,TOTAL OTHER EXPENSES,OTHER EXPENSES
Tangible Property Tax,OTHER OPERATING EXPENSES,OTHER OPERATING EXPENSES
Penalties,TOTAL OTHER EXPENSES,OTHER EXPENSES
Interest on Tax/Penalties,G&A,Interest on Tax/Penalties
Licenses and Permits,G&A,Licenses and Permits
Payroll Admin,STAFF COST,TOTAL OTHER STAFF COST
R&M Manager,STAFF COST,TOTAL OTHER STAFF COST
District Manager,STAFF COST,TOTAL OTHER STAFF COST
Rent,TOTAL OCCUPANCY COST,OCCUPANCY COST
Real Estate Escalation Tax,TOTAL OCCUPANCY COST,OCCUPANCY COST
Commercial Rent Tax,OTHER OPERATING EXPENSES,OTHER OPERATING EXPENSES
Electricity,TOTAL OCCUPANCY COST,OCCUPANCY COST
Gas,TOTAL OCCUPANCY COST,OCCUPANCY COST
Water,TOTAL OCCUPANCY COST,OCCUPANCY COST
Insurance,G&A,Insurance
Security Services,G&A,Security Services
CAM Charges,OTHER OPERATING EXPENSES,OTHER OPERATING EXPENSES
P & L Amortization - Other,TOTAL P&L AMORTIZATION,TOTAL P&L AMORTIZATION
Fees,TOTAL P&L AMORTIZATION,TOTAL P&L AMORTIZATION
Interest Income,TOTAL INCOME,INCOME
Bank Interest,TOTAL INCOME,INCOME
Other Income,TOTAL INCOME,INCOME
Ask My Accountant,TOTAL OTHER EXPENSES,OTHER EXPENSES
Other Expenses - Other,TOTAL OTHER EXPENSES,OTHER EXPENSES
Embezzlement,TOTAL OTHER EXPENSES,OTHER EXPENSES
Over/Under,TOTAL OTHER EXPENSES,OTHER EXPENSES
Rounding Differences,TOTAL OTHER EXPENSES,OTHER EXPENSES
Tax Interest,TOTAL OTHER EXPENSES,OTHER EXPENSES
Tax Penalties,TOTAL OTHER EXPENSES,OTHER EXPENSES
Exchange Differences,TOTAL OTHER EXPENSES,OTHER EXPENSES
Management Fees,TOTAL OTHER EXPENSES,OTHER EXPENSES
MANAGEMENT EXPENSE,TOTAL OTHER EXPENSES,OTHER EXPENSES
Incremental Rent,TOTAL OTHER EXPENSES,OTHER EXPENSES
P & L Depreciation,Total P&L Depreciations,P&L Depreciations
Interest Paid on Loans,TOTAL OTHER EXPENSES,OTHER EXPENSES
Storage Rent,TOTAL OCCUPANCY COST,OCCUPANCY COST
Sales Tax Expense,TOTAL OTHER EXPENSES,OTHER EXPENSES
910-020 · Prior Period Items,TOTAL OTHER EXPENSES,OTHER EXPENSES
Pre Opening Expenses - Other,TOTAL PRE OPENING EXPENSES,TOTAL PRE OPENING EXPENSES
Pre - Opening Professional Fees,TOTAL PRE OPENING EXPENSES,TOTAL PRE OPENING EXPENSES
Repairs General,TOTAL PRE OPENING EXPENSES,TOTAL PRE OPENING EXPENSES
Paper Supplies,TOTAL PRE OPENING EXPENSES,TOTAL PRE OPENING EXPENSES
SmallWares,TOTAL PRE OPENING EXPENSES,TOTAL PRE OPENING EXPENSES
Branding & Design,TOTAL PRE OPENING EXPENSES,TOTAL PRE OPENING EXPENSES
Photography expense,TOTAL PRE OPENING EXPENSES,TOTAL PRE OPENING EXPENSES
Entertainment Meals,TOTAL PRE OPENING EXPENSES,TOTAL PRE OPENING EXPENSES
Transportation,TOTAL PRE OPENING EXPENSES,TOTAL PRE OPENING EXPENSES
Kitchen Supplies,TOTAL PRE OPENING EXPENSES,TOTAL PRE OPENING EXPENSES
Office Supplies/Stationery,TOTAL PRE OPENING EXPENSES,TOTAL PRE OPENING EXPENSES
Telephone,TOTAL PRE OPENING EXPENSES,TOTAL PRE OPENING EXPENSES
Internet,TOTAL PRE OPENING EXPENSES,TOTAL PRE OPENING EXPENSES
Cable,TOTAL PRE OPENING EXPENSES,TOTAL PRE OPENING EXPENSES
Linen & Laundry,TOTAL PRE OPENING EXPENSES,TOTAL PRE OPENING EXPENSES
Cleaning Supplies,TOTAL PRE OPENING EXPENSES,TOTAL PRE OPENING EXPENSES
IT Cost,TOTAL PRE OPENING EXPENSES,TOTAL PRE OPENING EXPENSES
Foh Supplies,TOTAL PRE OPENING EXPENSES,TOTAL PRE OPENING EXPENSES
Pest Control,TOTAL PRE OPENING EXPENSES,TOTAL PRE OPENING EXPENSES
Equipment Rental,TOTAL PRE OPENING EXPENSES,TOTAL PRE OPENING EXPENSES
Inspection,TOTAL PRE OPENING EXPENSES,TOTAL PRE OPENING EXPENSES
Accountancy Charges,TOTAL PRE OPENING EXPENSES,TOTAL PRE OPENING EXPENSES
Bank Charges,TOTAL PRE OPENING EXPENSES,TOTAL PRE OPENING EXPENSES
Security Services,TOTAL PRE OPENING EXPENSES,TOTAL PRE OPENING EXPENSES
Staff First Aid,TOTAL PRE OPENING EXPENSES,TOTAL PRE OPENING EXPENSES
Electricity,TOTAL PRE OPENING EXPENSES,TOTAL PRE OPENING EXPENSES
Gas,TOTAL PRE OPENING EXPENSES,TOTAL PRE OPENING EXPENSES
Water,TOTAL PRE OPENING EXPENSES,TOTAL PRE OPENING EXPENSES
Pizza Boxes,TOTAL PRE OPENING EXPENSES,TOTAL PRE OPENING EXPENSES
Rent,TOTAL PRE OPENING EXPENSES,TOTAL PRE OPENING EXPENSES
Storage Rent,TOTAL PRE OPENING EXPENSES,TOTAL PRE OPENING EXPENSES
Labor Expense,TOTAL PRE OPENING EXPENSES,TOTAL PRE OPENING EXPENSES
Insurance,G&A,Insurance
Insurance,G&A,Insurance
Insurance,G&A,Insurance
GROSS PROFIT,GROSS PROFIT,GROSS PROFIT
STAFF COST,STAFF COST,STAFF COST
TOTAL OPERATING EXPENSES,TOTAL OPERATING EXPENSES,TOTAL OPERATING EXPENSES
EBITDA,EBITDA,EBITDA
PROFIT BEFORE TAX & DEPRECIATION,PROFIT BEFORE TAX & DEPRECIATION,PROFIT BEFORE TAX & DEPRECIATION
P & L Depreciation,P & L Depreciation & Amortization,P & L Depreciation
P & L Amortization,P & L Depreciation & Amortization,P & L Amortization
NET PROFIT/(LOSS),NET PROFIT/(LOSS),NET PROFIT/(LOSS)
Extra/Short Receipts,REVENUE,REVENUE
3rd Party Adjustments,REVENUE,REVENUE
Food,REVENUE,REVENUE
Tea/Coffee,REVENUE,REVENUE
Wines,REVENUE,REVENUE
Liquor,REVENUE,REVENUE
Beer,REVENUE,REVENUE
Other Beverages,REVENUE,REVENUE
Retails,REVENUE,REVENUE
Discounts,REVENUE,REVENUE
Sales Adjustment,REVENUE,REVENUE
Total Cost of Sales - Food,COST OF GOODS SOLD,Total Cost of Sales - Food
Total Cost of Sales - Food,COST OF GOODS SOLD,Total Cost of Sales - Food
Total Cost of Sales - Tea/Coffee,COST OF GOODS SOLD,Total Cost of Sales - Tea/Coffee
Total Cost of Sales - Tea/Coffee,COST OF GOODS SOLD,Total Cost of Sales - Tea/Coffee
Total Cost of Sales - Tea/Coffee,COST OF GOODS SOLD,Total Cost of Sales - Tea/Coffee
Total Cost of Sales - Wine,COST OF GOODS SOLD,Total Cost of Sales - Wine
Total Cost of Sales - Wine,COST OF GOODS SOLD,Total Cost of Sales - Wine
Total Cost of Sales - Liquor,COST OF GOODS SOLD,Total Cost of Sales - Liquor
Total Cost of Sales - Liquor,COST OF GOODS SOLD,Total Cost of Sales - Liquor
Total Cost of Sales - Beer,COST OF GOODS SOLD,Total Cost of Sales - Beer
Total Cost of Sales - Beer,COST OF GOODS SOLD,Total Cost of Sales - Beer
Total Cost of Sales - Other Bev,COST OF GOODS SOLD,Total Cost of Sales - Other Bev
Total Cost of Sales - Other Bev,COST OF GOODS SOLD,Total Cost of Sales - Other Bev
Retails Purchases,COST OF GOODS SOLD,Retails Purchases
Wages - 1099,STAFF COST,Total Wages - F.O.H. Salaried
GM,STAFF COST,Total Wages - F.O.H. Salaried
Front Manager,STAFF COST,Total Wages - F.O.H. Salaried
Server,STAFF COST,Total Wages FOH Hourly
Busser/Runner,STAFF COST,Total Wages - F.O.H. Salaried
Bartender,STAFF COST,Total Wages - F.O.H. Salaried
Captain,STAFF COST,Total Wages FOH Hourly
Barista,STAFF COST,Total Wages - F.O.H. Salaried
Kitchen Manager,STAFF COST,Total Wages - F.O.H. Salaried
Total Wages B.O.H Salaried,STAFF COST,Total Wages B.O.H Salaried
Total Wages B.O.H. Hourly,STAFF COST,Total Wages B.O.H. Hourly
Total Wages B.O.H. Hourly,STAFF COST,Total Wages B.O.H. Hourly
Social Security,EMPLOYER TAXES,TOTAL EMPLOYER TAXES
Medicare,EMPLOYER TAXES,TOTAL EMPLOYER TAXES
Federal FUTA,EMPLOYER TAXES,TOTAL EMPLOYER TAXES
Ny MTAI,EMPLOYER TAXES,TOTAL EMPLOYER TAXES
State SUI,EMPLOYER TAXES,TOTAL EMPLOYER TAXES
Staff Workman's Comp,OTHER STAFF COSTS,TOTAL OTHER STAFF COSTS
Staff Recruitment,OTHER STAFF COSTS,TOTAL OTHER STAFF COSTS
Staff Training,OTHER STAFF COSTS,TOTAL OTHER STAFF COSTS
Staff Meals,OTHER STAFF COSTS,TOTAL OTHER STAFF COSTS
Staff Welfare,OTHER STAFF COSTS,TOTAL OTHER STAFF COSTS
Staff Accommodation/Relocation,OTHER STAFF COSTS,TOTAL OTHER STAFF COSTS
Staff First Aid,OTHER STAFF COSTS,TOTAL OTHER STAFF COSTS
Medical,OTHER STAFF COSTS,TOTAL OTHER STAFF COSTS
Advertising,ADVERTISING AND PROMOTION,TOTAL ADVERTISING AND PROMOTION
Advertising,ADVERTISING AND PROMOTION,TOTAL ADVERTISING AND PROMOTION
Branding & Design,ADVERTISING AND PROMOTION,TOTAL ADVERTISING AND PROMOTION
Event Expenses,ADVERTISING AND PROMOTION,TOTAL ADVERTISING AND PROMOTION
Commission Expense,ADVERTISING AND PROMOTION,TOTAL ADVERTISING AND PROMOTION
Subscriptions,ADVERTISING AND PROMOTION,TOTAL ADVERTISING AND PROMOTION
Photography expense,ADVERTISING AND PROMOTION,TOTAL ADVERTISING AND PROMOTION
Complimentary Cost,ADVERTISING AND PROMOTION,TOTAL ADVERTISING AND PROMOTION
Meals & Entertainment,TRAVEL AND ENTERTAINMENT,TOTAL TRAVEL AND ENTERTAINMENT
Taxi Charges & Local Travel,TRAVEL AND ENTERTAINMENT,TOTAL TRAVEL AND ENTERTAINMENT
Clearing and Freight charges,GENERAL & ADMIN EXPENSES,TOTAL GENERAL & ADMIN EXPENSES
Telephone,GENERAL & ADMIN EXPENSES,TOTAL GENERAL & ADMIN EXPENSES
Internet/Email,GENERAL & ADMIN EXPENSES,TOTAL GENERAL & ADMIN EXPENSES
Under/Over,GENERAL & ADMIN EXPENSES,TOTAL GENERAL & ADMIN EXPENSES
Extra/Short Receipts,GENERAL & ADMIN EXPENSES,TOTAL GENERAL & ADMIN EXPENSES
Delivery Charges Relay,GENERAL & ADMIN EXPENSES,TOTAL GENERAL & ADMIN EXPENSES
Linen & Laundry,SUPPLIES AND MAINTENANCE,TOTAL SUPPLIES AND MAINTENANCE
Cleaning Supplies,SUPPLIES AND MAINTENANCE,TOTAL SUPPLIES AND MAINTENANCE
Cleaning Contract Services,SUPPLIES AND MAINTENANCE,TOTAL SUPPLIES AND MAINTENANCE
Pest Control,SUPPLIES AND MAINTENANCE,TOTAL SUPPLIES AND MAINTENANCE
Trash/Waste Removal Service,SUPPLIES AND MAINTENANCE,TOTAL SUPPLIES AND MAINTENANCE
BOH Supplies & Accessories,SUPPLIES AND MAINTENANCE,TOTAL SUPPLIES AND MAINTENANCE
FOH Supplies & Accessories,SUPPLIES AND MAINTENANCE,TOTAL SUPPLIES AND MAINTENANCE
Paper Supplies,SUPPLIES AND MAINTENANCE,TOTAL SUPPLIES AND MAINTENANCE
Packaging Supplies,SUPPLIES AND MAINTENANCE,TOTAL SUPPLIES AND MAINTENANCE
"Landscape, Flowers & Candles",SUPPLIES AND MAINTENANCE,TOTAL SUPPLIES AND MAINTENANCE
Office Supplies/Stationery,SUPPLIES AND MAINTENANCE,TOTAL SUPPLIES AND MAINTENANCE
IT Cost,SUPPLIES AND MAINTENANCE,TOTAL SUPPLIES AND MAINTENANCE
Equipment Rental,SUPPLIES AND MAINTENANCE,TOTAL SUPPLIES AND MAINTENANCE
Repairs - Building,SUPPLIES AND MAINTENANCE,TOTAL SUPPLIES AND MAINTENANCE
Repairs - Equipment,SUPPLIES AND MAINTENANCE,TOTAL SUPPLIES AND MAINTENANCE
Repairs - General,SUPPLIES AND MAINTENANCE,TOTAL SUPPLIES AND MAINTENANCE
Postage & Courier,SUPPLIES AND MAINTENANCE,TOTAL SUPPLIES AND MAINTENANCE
Fire Control,SUPPLIES AND MAINTENANCE,TOTAL SUPPLIES AND MAINTENANCE
Legal Fees,PROFESSIONAL FEES,TOTAL PROFESSIONAL FEES
Professional Fees,PROFESSIONAL FEES,TOTAL PROFESSIONAL FEES
Accounting Fees,PROFESSIONAL FEES,TOTAL PROFESSIONAL FEES
Consulting Fees,PROFESSIONAL FEES,TOTAL PROFESSIONAL FEES
Mangement Fees,PROFESSIONAL FEES,TOTAL PROFESSIONAL FEES
Payroll Processing Charges,OTHER FINANCIAL COSTS,TOTAL OTHER FINANCIAL COSTS
Credit Card Charges,OTHER FINANCIAL COSTS,TOTAL OTHER FINANCIAL COSTS
Bank Charges,OTHER FINANCIAL COSTS,TOTAL OTHER FINANCIAL COSTS
Penalties,OTHER FINANCIAL COSTS,TOTAL OTHER FINANCIAL COSTS
"Licenses, Permits, and Filing",OTHER FINANCIAL COSTS,TOTAL OTHER FINANCIAL COSTS
Sales and Use Tax,OTHER FINANCIAL COSTS,TOTAL OTHER FINANCIAL COSTS
Tips Expenses,GENERAL & ADMIN EXPENSES,TOTAL GENERAL & ADMIN EXPENSES
Insurance Expense,GENERAL & ADMIN EXPENSES,TOTAL GENERAL & ADMIN EXPENSES
Liability Insurance,GENERAL & ADMIN EXPENSES,TOTAL GENERAL & ADMIN EXPENSES
Rent,OCCUPANCY COST,TOTAL OCCUPANCY COST
Electricity,OCCUPANCY COST,TOTAL OCCUPANCY COST
Gas,OCCUPANCY COST,TOTAL OCCUPANCY COST
Water,OCCUPANCY COST,TOTAL OCCUPANCY COST
Storage Rent,OCCUPANCY COST,TOTAL OCCUPANCY COST
Uncategorized Expenses,GENERAL & ADMIN EXPENSES,TOTAL GENERAL & ADMIN EXPENSES
TOTAL BEVERAGES,COST OF GOODS SOLD,TOTAL BEVERAGES
Other Income,Other Income,Other Income
Uncategorized Income,Other Income,Other Income
TOTAL COST OF GOODS SOLD,COST OF GOODS SOLD,TOTAL COST OF GOODS SOLD
Fees,Other Expenses,Other Expenses
Other Expense,Other Expenses,Other Expenses
GROSS PROFIT,GROSS PROFIT,GROSS PROFIT
Total Wages - FOH,STAFF COST,Total Wages - FOH
Total Wages - F.O.H. Hourly - OT,STAFF COST,Total Wages - F.O.H. Hourly - OT
Total Cost of Sales - Food,Total Cost of Sales - Food,Total Cost of Sales - Food
TOTAL OPERATING EXPENSES,TOTAL OPERATING EXPENSES,TOTAL OPERATING EXPENSES
EBITDA,EBITDA,EBITDA
PROFIT BEFORE TAX & DEPRECIATION,PROFIT BEFORE TAX & DEPRECIATION,PROFIT BEFORE TAX & DEPRECIATION
Total Cost of Sales - Tea/Coffee,Total Cost of Sales - Tea/Coffee,Total Cost of Sales - Tea/Coffee
P & L Depreciation,P & L Depreciation,P & L Depreciation
Revenue - Other,REVENUE,REVENUE
Food,REVENUE,REVENUE
Tea/Coffee,REVENUE,REVENUE
Wines,REVENUE,REVENUE
Liquor,REVENUE,REVENUE
Beer,REVENUE,REVENUE
Other Beverages,REVENUE,REVENUE
Retails,REVENUE,REVENUE
Discounts,REVENUE,REVENUE
Event Income,REVENUE,REVENUE
3rd Party Differance,REVENUE,REVENUE
Non Grat Svc charge,REVENUE,REVENUE
P & L Amortization,P & L Amortization,P & L Amortization
NET PROFIT/(LOSS),NET PROFIT/(LOSS),NET PROFIT/(LOSS)
Total Cost of Sales - Wine,Total Cost of Sales - Wine,Total Cost of Sales - Wine
Cost of Sales - Food - Other,Total Cost of Sales - Food,Total Cost of Sales - Food
Food Purchases,Total Cost of Sales - Food,Total Cost of Sales - Food
Food - Stock Adjustment,Total Cost of Sales - Food,Total Cost of Sales - Food
Cost of Sales - Tea/Coffee - Other,Total Cost of Sales - Tea/Coffee,Total Cost of Sales - Tea/Coffee
Tea/Coffee Purchases,Total Cost of Sales - Tea/Coffee,Total Cost of Sales - Tea/Coffee
Tea/Coffee - Stock Adjustment,Total Cost of Sales - Tea/Coffee,Total Cost of Sales - Tea/Coffee
Cost of Sales - Wine - Other,Total Cost of Sales - Wine,Total Cost of Sales - Wine
Wine Purchases,Total Cost of Sales - Wine,Total Cost of Sales - Wine
Wine - Stock Adjustment,Total Cost of Sales - Wine,Total Cost of Sales - Wine
Cost of Sales - Liquor - Other,Total Cost of Sales - Liquor,Total Cost of Sales - Liquor
Liquor Purchases,Total Cost of Sales - Liquor,Total Cost of Sales - Liquor
Liquor - Stock Adjustment,Total Cost of Sales - Liquor,Total Cost of Sales - Liquor
Cost of Sales - Beer - Other,Total Cost of Sales - Beer,Total Cost of Sales - Beer
Beer Purchases,Total Cost of Sales - Beer,Total Cost of Sales - Beer
Beer - Stock Adjustment,Total Cost of Sales - Beer,Total Cost of Sales - Beer
Other Bev Purchases,Total Cost of Sales - Other Bev,Total Cost of Sales - Other Bev
Other Bev - Stock Adjustment,Total Cost of Sales - Other Bev,Total Cost of Sales - Other Bev
Total Cost of Sales - Retails,Total Cost of Sales - Retails,Total Cost of Sales - Retails
Total Cost of Sales - Event Expense,Total Cost of Sales - Event Expense,Total Cost of Sales - Event Expense
Total Cost of Sales - Liquor,Total Cost of Sales - Liquor,Total Cost of Sales - Liquor
Total Cost of Sales - Beer,Total Cost of Sales - Beer,Total Cost of Sales - Beer
Labor cost - Other?,EMPLOYER TAXES,EMPLOYER TAXES
Wages - 1099,EMPLOYER TAXES,EMPLOYER TAXES
Wages - FOH - Other,STAFF COST,Total Wages - FOH
FOH Hourly - Other,STAFF COST,Total Wages - FOH
Wages - F.O.H. Hourly - Other,STAFF COST,Total Wages - FOH
Server?,STAFF COST,Total Wages - FOH
Busser?,STAFF COST,Total Wages - FOH
Runner?,STAFF COST,Total Wages - FOH
Bartender?,STAFF COST,Total Wages - FOH
Barback?,STAFF COST,Total Wages - FOH
Bathroom attendants,STAFF COST,Total Wages - FOH
Training,STAFF COST,Total Wages - FOH
Floor Caption,STAFF COST,Total Wages - FOH
Host,STAFF COST,Total Wages - FOH
Wages - F.O.H. Hourly - OT - Other,STAFF COST,Total Wages - FOH
Server,STAFF COST,Total Wages - FOH
Busser,STAFF COST,Total Wages - FOH
Runner,STAFF COST,Total Wages - FOH
Bartender,STAFF COST,Total Wages - FOH
Barback,STAFF COST,Total Wages - FOH
Hostess,STAFF COST,Total Wages - FOH
F.O.H Salaried,STAFF COST,F.O.H Salaried
Shift Manager,STAFF COST,Shift Manager
BOH - Other,STAFF COST,Total Wages - F.O.H. Hourly - OT
Wages - B.O.H. Salaried - Other,STAFF COST,Total Wages - F.O.H. Hourly - OT
Executive Chef,STAFF COST,Total Wages - F.O.H. Hourly - OT
Sous Chef,STAFF COST,Total Wages - F.O.H. Hourly - OT
Chef de Cuisine,STAFF COST,Total Wages - F.O.H. Hourly - OT
Shift Manager/Assist,STAFF COST,Total Wages - F.O.H. Hourly - OT
Wages Bonus,STAFF COST,Total Wages - F.O.H. Hourly - OT
Wages - B.O.H. Hourly - Other,STAFF COST,Total Wages - F.O.H. Hourly - OT
Prep Cook,STAFF COST,Total Wages - F.O.H. Hourly - OT
Steward?,STAFF COST,Total Wages - F.O.H. Hourly - OT
Dishwasher,STAFF COST,Total Wages - F.O.H. Hourly - OT
Cook?,STAFF COST,Total Wages - F.O.H. Hourly - OT
Wages - B.O.H. Hourly - OT - Other,STAFF COST,Total Wages - F.O.H. Hourly - OT
Cook,STAFF COST,Total Wages - F.O.H. Hourly - OT
Steward,STAFF COST,Total Wages - F.O.H. Hourly - OT
Receiving Clerk,STAFF COST,Total Wages - F.O.H. Hourly - OT
Employer Taxes - Other,EMPLOYER TAXES,EMPLOYER TAXES
Social Security,EMPLOYER TAXES,EMPLOYER TAXES
Medicare,EMPLOYER TAXES,EMPLOYER TAXES
Fedral FUTA,EMPLOYER TAXES,EMPLOYER TAXES
Ny MTAI,EMPLOYER TAXES,EMPLOYER TAXES
State SUI,EMPLOYER TAXES,EMPLOYER TAXES
OASDI,EMPLOYER TAXES,EMPLOYER TAXES
Other Staff Cost - Other,OTHER STAFF COST,OTHER STAFF COST
Staff Workman's Comp,OTHER STAFF COST,OTHER STAFF COST
Staff Recruitment,OTHER STAFF COST,OTHER STAFF COST
Staff Training,OTHER STAFF COST,OTHER STAFF COST
Staff Uniform,OTHER STAFF COST,OTHER STAFF COST
Staff Meals,OTHER STAFF COST,OTHER STAFF COST
Staff Welfare,OTHER STAFF COST,OTHER STAFF COST
Staff Accommodation/Relocation,OTHER STAFF COST,OTHER STAFF COST
Staff First Aid,OTHER STAFF COST,OTHER STAFF COST
Staff Reimbursement,OTHER STAFF COST,OTHER STAFF COST
Staff Insurance - Other,OTHER STAFF COST,OTHER STAFF COST
Medical,OTHER STAFF COST,OTHER STAFF COST
Dental,OTHER STAFF COST,OTHER STAFF COST
Vision,OTHER STAFF COST,OTHER STAFF COST
Advertising and Promotion - Other,ADVERTISING AND PROMOTION,ADVERTISING AND PROMOTION
Advertising,ADVERTISING AND PROMOTION,ADVERTISING AND PROMOTION
Public Relations,ADVERTISING AND PROMOTION,ADVERTISING AND PROMOTION
Branding & Design,ADVERTISING AND PROMOTION,ADVERTISING AND PROMOTION
R & D,ADVERTISING AND PROMOTION,ADVERTISING AND PROMOTION
Event Expenses,ADVERTISING AND PROMOTION,ADVERTISING AND PROMOTION
Commission Expense,ADVERTISING AND PROMOTION,ADVERTISING AND PROMOTION
Subscriptions,ADVERTISING AND PROMOTION,ADVERTISING AND PROMOTION
Photography expense,ADVERTISING AND PROMOTION,ADVERTISING AND PROMOTION
Complimentary Cost,ADVERTISING AND PROMOTION,ADVERTISING AND PROMOTION
Travel and Entertainment - Other,TRAVEL AND ENTERTAINMENT,TRAVEL AND ENTERTAINMENT
Airfare,TRAVEL AND ENTERTAINMENT,TRAVEL AND ENTERTAINMENT
Meals & Entertainment,TRAVEL AND ENTERTAINMENT,TRAVEL AND ENTERTAINMENT
Taxi Charges & Local Travel,TRAVEL AND ENTERTAINMENT,TRAVEL AND ENTERTAINMENT
General and Administrative Expe - Other,GENERAL & ADMINISTRATIVE EXP,GENERAL & ADMINISTRATIVE EXP
Web Design & Maintenance,GENERAL & ADMINISTRATIVE EXP,GENERAL & ADMINISTRATIVE EXP
Clearing and Freight charges,GENERAL & ADMINISTRATIVE EXP,GENERAL & ADMINISTRATIVE EXP
Telephone,GENERAL & ADMINISTRATIVE EXP,GENERAL & ADMINISTRATIVE EXP
Internet/Email,GENERAL & ADMINISTRATIVE EXP,GENERAL & ADMINISTRATIVE EXP
Under/Over,GENERAL & ADMINISTRATIVE EXP,GENERAL & ADMINISTRATIVE EXP
Auto Expense,GENERAL & ADMINISTRATIVE EXP,GENERAL & ADMINISTRATIVE EXP
Supplies and Maintenance - Other,SUPPLIES AND MAINTENANCE,SUPPLIES AND MAINTENANCE
Linen & Laundry,SUPPLIES AND MAINTENANCE,SUPPLIES AND MAINTENANCE
Cleaning Supplies,SUPPLIES AND MAINTENANCE,SUPPLIES AND MAINTENANCE
Cleaning Contract Services,SUPPLIES AND MAINTENANCE,SUPPLIES AND MAINTENANCE
Pest Control,SUPPLIES AND MAINTENANCE,SUPPLIES AND MAINTENANCE
Trash/Waste Removal Service,SUPPLIES AND MAINTENANCE,SUPPLIES AND MAINTENANCE
BOH Supplies & Accessories,SUPPLIES AND MAINTENANCE,SUPPLIES AND MAINTENANCE
FOH Supplies & Accessories,SUPPLIES AND MAINTENANCE,SUPPLIES AND MAINTENANCE
Paper Supplies,SUPPLIES AND MAINTENANCE,SUPPLIES AND MAINTENANCE
Packaging Supplies,SUPPLIES AND MAINTENANCE,SUPPLIES AND MAINTENANCE
Music,SUPPLIES AND MAINTENANCE,SUPPLIES AND MAINTENANCE
"Landscape, Flowers & Candles",SUPPLIES AND MAINTENANCE,SUPPLIES AND MAINTENANCE
Office Supplies/Stationery,SUPPLIES AND MAINTENANCE,SUPPLIES AND MAINTENANCE
IT Cost,SUPPLIES AND MAINTENANCE,SUPPLIES AND MAINTENANCE
Equipment Rental,SUPPLIES AND MAINTENANCE,SUPPLIES AND MAINTENANCE
Repairs - Building,SUPPLIES AND MAINTENANCE,SUPPLIES AND MAINTENANCE
Repairs - Equipment,SUPPLIES AND MAINTENANCE,SUPPLIES AND MAINTENANCE
Repairs - General,SUPPLIES AND MAINTENANCE,SUPPLIES AND MAINTENANCE
Postage & Courier,SUPPLIES AND MAINTENANCE,SUPPLIES AND MAINTENANCE
Fire Control,SUPPLIES AND MAINTENANCE,SUPPLIES AND MAINTENANCE
Professional Fees - Other,PROFESSIONAL FEE,PROFESSIONAL FEE
Legal Fees,PROFESSIONAL FEE,PROFESSIONAL FEE
Audit Fees,PROFESSIONAL FEE,PROFESSIONAL FEE
Tax Fees,PROFESSIONAL FEE,PROFESSIONAL FEE
Professional Fees,PROFESSIONAL FEE,PROFESSIONAL FEE
Accounting Fees,PROFESSIONAL FEE,PROFESSIONAL FEE
Consulting Fees,PROFESSIONAL FEE,PROFESSIONAL FEE
Management Fees/Wages,PROFESSIONAL FEE,PROFESSIONAL FEE
Other Financial Costs - Other,OTHER FINANCIAL COSTS,OTHER FINANCIAL COSTS
Payroll Processing Charges,OTHER FINANCIAL COSTS,OTHER FINANCIAL COSTS
Credit Card Charges,OTHER FINANCIAL COSTS,OTHER FINANCIAL COSTS
Bank Charges,OTHER FINANCIAL COSTS,OTHER FINANCIAL COSTS
Donations,OTHER FINANCIAL COSTS,OTHER FINANCIAL COSTS
Royalties,OTHER FINANCIAL COSTS,OTHER FINANCIAL COSTS
Tangible Property Taxes,OTHER FINANCIAL COSTS,OTHER FINANCIAL COSTS
Penalties,OTHER FINANCIAL COSTS,OTHER FINANCIAL COSTS
"Licenses, Permits, and Filing F",OTHER FINANCIAL COSTS,OTHER FINANCIAL COSTS
Sales and Use Tax,OTHER FINANCIAL COSTS,OTHER FINANCIAL COSTS
Tips Expense,OTHER FINANCIAL COSTS,OTHER FINANCIAL COSTS
Insurance Expense - Other,INSURANCE EXPENSE,INSURANCE EXPENSE
Liability Insurance,INSURANCE EXPENSE,INSURANCE EXPENSE
Property Insurance,INSURANCE EXPENSE,INSURANCE EXPENSE
Umbrella Insurance,INSURANCE EXPENSE,INSURANCE EXPENSE
EPLI Insurance,INSURANCE EXPENSE,INSURANCE EXPENSE
Occupancy Expenses,INSURANCE EXPENSE,INSURANCE EXPENSE
Rent,OCCUPANCY COST,OCCUPANCY COST
Percentage Rent,OCCUPANCY COST,OCCUPANCY COST
Real Estate Escalation Tax,OCCUPANCY COST,OCCUPANCY COST
Commercial Rent Tax,OCCUPANCY COST,OCCUPANCY COST
Electricity,OCCUPANCY COST,OCCUPANCY COST
Gas,OCCUPANCY COST,OCCUPANCY COST
Water,OCCUPANCY COST,OCCUPANCY COST
Storage Rent,OCCUPANCY COST,OCCUPANCY COST
Security and Alarm,OCCUPANCY COST,OCCUPANCY COST
CAM Charges,OCCUPANCY COST,OCCUPANCY COST
Uncategorized Expenses,INSURANCE EXPENSE,INSURANCE EXPENSE
Stef,Guaranteed Payment,Guaranteed Payment
Sam,Guaranteed Payment,Guaranteed Payment
David,Guaranteed Payment,Guaranteed Payment
Total Cost of Sales - Other Bev,Total Cost of Sales - Other Bev,Total Cost of Sales - Other Bev
Total Beverages,Total Beverages,Total Beverages
Other Income - Other,Other Income,Other Income
Interest Income,Other Income,Other Income
Other Income,Other Income,Other Income
COST OF GOODS SOLD,COST OF GOODS SOLD,COST OF GOODS SOLD
Depreciation Expense - Other,Other Expenses,Other Expenses
Leasehold,Other Expenses,Other Expenses
Kitchen/Hood,Other Expenses,Other Expenses
Machinery and Equipment,Other Expenses,Other Expenses
Furniture and Fixtures,Other Expenses,Other Expenses
Amortization Expense - Other,Other Expenses,Other Expenses
Fees,Other Expenses,Other Expenses
Intangible Assets,Other Expenses,Other Expenses
Start-Up Costs,Other Expenses,Other Expenses
Exta/Short Receipts,Other Expenses,Other Expenses
Other Expense,Other Expenses,Other Expenses
TOTAL COST OF GOODS SOLD,COST OF GOODS SOLD,TOTAL COST OF GOODS SOLD
GROSS PROFIT,GROSS PROFIT,TOTAL GROSS PROFIT
TOTAL STAFF COST,TOTAL STAFF COST,TOTAL STAFF COST
Revenue - Other,REVENUE,REVENUE
Revenue - Food,REVENUE,REVENUE
Revenue - NA Beverages,REVENUE,REVENUE
Revenue - Wines,REVENUE,REVENUE
Revenue - Liquor,REVENUE,REVENUE
Revenue - Beer,REVENUE,REVENUE
Revenue - Retails,REVENUE,REVENUE
Revenue - Sake,REVENUE,REVENUE
Revenue - Comps,REVENUE,REVENUE
Revenue - 3rd Party Diff,REVENUE,REVENUE
Fees Income,REVENUE,REVENUE
TOTAL OPERATING EXPENSES,TOTAL OPERATING EXPENSES,TOTAL OPERATING EXPENSES
EBITDA,EBITDA,EBITDA
PROFIT BEFORE TAX & DEPRECIATION,PROFIT BEFORE TAX & DEPRECIATION,PROFIT BEFORE TAX & DEPRECIATION
P & L Depreciation,P & L Depreciation & Amortization,P & L Depreciation
P & L Amortization,P & L Depreciation & Amortization,P & L Amortization
NET PROFIT/(LOSS),NET PROFIT/(LOSS),NET PROFIT/(LOSS)
Total Cost of Sales - Food,COST OF GOODS SOLD,Total Cost of Sales - Food
Total Cost of Sales - Food,COST OF GOODS SOLD,Total Cost of Sales - Food
Total Cost of Sales - Food,COST OF GOODS SOLD,Total Cost of Sales - Food
Total Cost of Sales - NA Beverages,COST OF GOODS SOLD,Total Cost of Sales - NA Beverages
Total Cost of Sales - NA Beverages,COST OF GOODS SOLD,Total Cost of Sales - NA Beverages
Total Cost of Sales - NA Beverages,COST OF GOODS SOLD,Total Cost of Sales - NA Beverages
Total Cost of Sales - Other Beverages,COST OF GOODS SOLD,Total Cost of Sales - Other Beverages
Total Cost of Sales - Other Beverages,COST OF GOODS SOLD,Total Cost of Sales - Other Beverages
Total Cost of Sales - Other Beverages,COST OF GOODS SOLD,Total Cost of Sales - Other Beverages
Total Cost of Sales - Wine,COST OF GOODS SOLD,Total Cost of Sales - Wine
Total Cost of Sales - Wine,COST OF GOODS SOLD,Total Cost of Sales - Wine
Total Cost of Sales - Wine,COST OF GOODS SOLD,Total Cost of Sales - Wine
Total Cost of Sales - Liquor,COST OF GOODS SOLD,Total Cost of Sales - Liquor
Total Cost of Sales - Liquor,COST OF GOODS SOLD,Total Cost of Sales - Liquor
Total Cost of Sales - Liquor,COST OF GOODS SOLD,Total Cost of Sales - Liquor
Total Cost of Sales - Beer,COST OF GOODS SOLD,Total Cost of Sales - Beer
Total Cost of Sales - Beer,COST OF GOODS SOLD,Total Cost of Sales - Beer
Total Cost of Sales - Beer,COST OF GOODS SOLD,Total Cost of Sales - Beer
Total Cost of Sales - Sake,COST OF GOODS SOLD,Total Cost of Sales - Sake
Total Cost of Sales - Sake,COST OF GOODS SOLD,Total Cost of Sales - Sake
Total Cost of Sales - Sake,COST OF GOODS SOLD,Total Cost of Sales - Sake
Total Cost of Sales - Retails,COST OF GOODS SOLD,Total Cost of Sales - Retails
Total Cost of Sales - Retails,COST OF GOODS SOLD,Total Cost of Sales - Retails
Total Cost of Sales - Retails,COST OF GOODS SOLD,Total Cost of Sales - Retails
Cost of Goods Sold,COST OF GOODS SOLD,COST OF GOODS SOLD
Labor Cost - Other,TOTAL STAFF COST,Labor Cost - Other
Wages - 1099,EMPLOYER TAXES,EMPLOYER TAXES
Total Wages - B.O.H. Salaried,TOTAL STAFF COST,Total Wages - B.O.H. Salaried
Total Wages - F.O.H. Salaried,TOTAL STAFF COST,Total Wages - F.O.H. Salaried
Total Wages - F.O.H. Salaried,TOTAL STAFF COST,Total Wages - F.O.H. Salaried
Total Wages - F.O.H. Salaried,TOTAL STAFF COST,Total Wages - F.O.H. Salaried
Total Wages - F.O.H. Salaried,TOTAL STAFF COST,Total Wages - F.O.H. Salaried
Total Wages - F.O.H. Salaried,TOTAL STAFF COST,Total Wages - F.O.H. Salaried
Total Wages - F.O.H. Hourly,TOTAL STAFF COST,Total Wages - F.O.H. Hourly
Total Wages - F.O.H. Hourly,TOTAL STAFF COST,Total Wages - F.O.H. Hourly
Total Wages - F.O.H. Hourly,TOTAL STAFF COST,Total Wages - F.O.H. Hourly
Total Wages - F.O.H. Hourly,TOTAL STAFF COST,Total Wages - F.O.H. Hourly
Total Wages - F.O.H. Hourly,TOTAL STAFF COST,Total Wages - F.O.H. Hourly
Total Wages - F.O.H. Hourly,TOTAL STAFF COST,Total Wages - F.O.H. Hourly
Total Wages - F.O.H. Hourly,TOTAL STAFF COST,Total Wages - F.O.H. Hourly
Total Wages - F.O.H. Hourly,TOTAL STAFF COST,Total Wages - F.O.H. Hourly
Total Wages - F.O.H. Hourly,TOTAL STAFF COST,Total Wages - F.O.H. Hourly
Total Wages - F.O.H. Hourly - OT,TOTAL STAFF COST,Total Wages - F.O.H. Hourly - OT
Total Wages - F.O.H. Hourly - OT,TOTAL STAFF COST,Total Wages - F.O.H. Hourly - OT
Total Wages - F.O.H. Hourly - OT,TOTAL STAFF COST,Total Wages - F.O.H. Hourly - OT
Total Wages - F.O.H. Hourly - OT,TOTAL STAFF COST,Total Wages - F.O.H. Hourly - OT
Total Wages - F.O.H. Hourly - OT,TOTAL STAFF COST,Total Wages - F.O.H. Hourly - OT
Total Wages - F.O.H. Hourly - OT,TOTAL STAFF COST,Total Wages - F.O.H. Hourly - OT
Total Wages - F.O.H. Hourly - OT,TOTAL STAFF COST,Total Wages - F.O.H. Hourly - OT
BOH - Other,TOTAL STAFF COST,BOH - Other
Total Wages - B.O.H. Salaried,TOTAL STAFF COST,Total Wages - B.O.H. Salaried
Total Wages - B.O.H. Salaried,TOTAL STAFF COST,Total Wages - B.O.H. Salaried
Total Wages - B.O.H. Salaried,TOTAL STAFF COST,Total Wages - B.O.H. Salaried
Total Wages - B.O.H. Salaried,TOTAL STAFF COST,Total Wages - B.O.H. Salaried
Total Wages - B.O.H. Hourly,TOTAL STAFF COST,Total Wages - B.O.H. Hourly
Total Wages - B.O.H. Hourly,TOTAL STAFF COST,Total Wages - B.O.H. Hourly
Total Wages - B.O.H. Hourly,TOTAL STAFF COST,Total Wages - B.O.H. Hourly
Total Wages - B.O.H. Hourly,TOTAL STAFF COST,Total Wages - B.O.H. Hourly
Total Wages - B.O.H. Hourly,TOTAL STAFF COST,Total Wages - B.O.H. Hourly
Total Wages - B.O.H. Hourly - OT,TOTAL STAFF COST,Total Wages - B.O.H. Hourly - OT
Total Wages - B.O.H. Hourly - OT,TOTAL STAFF COST,Total Wages - B.O.H. Hourly - OT
Total Wages - B.O.H. Hourly - OT,TOTAL STAFF COST,Total Wages - B.O.H. Hourly - OT
Total Wages - B.O.H. Hourly - OT,TOTAL STAFF COST,Total Wages - B.O.H. Hourly - OT
Employer Taxes - Other,EMPLOYER TAXES,EMPLOYER TAXES
Social Security,EMPLOYER TAXES,EMPLOYER TAXES
Medicare,EMPLOYER TAXES,EMPLOYER TAXES
Federal FUTA,EMPLOYER TAXES,EMPLOYER TAXES
NY MTA,EMPLOYER TAXES,EMPLOYER TAXES
State SUI,EMPLOYER TAXES,EMPLOYER TAXES
OASDI,EMPLOYER TAXES,EMPLOYER TAXES
Ny Re-employment,EMPLOYER TAXES,EMPLOYER TAXES
Other Staff Costs - Other,OTHER EMPLOYEE EXPENSES,OTHER EMPLOYEE EXPENSES
Employee Benefits - Other,OTHER STAFF COST,OTHER STAFF COST
Staff Insurance - Other,OTHER STAFF COST,OTHER STAFF COST
Medical,OTHER STAFF COST,OTHER STAFF COST
Dental,OTHER STAFF COST,OTHER STAFF COST
Vision,OTHER STAFF COST,OTHER STAFF COST
NY Paid Family Leave,OTHER STAFF COST,OTHER STAFF COST
NY Disability Payable Leave,OTHER STAFF COST,OTHER STAFF COST
401K,OTHER STAFF COST,OTHER STAFF COST
Workers' Compensation Insurance,OTHER STAFF COST,OTHER STAFF COST
Mealbreak penalties,OTHER STAFF COST,OTHER STAFF COST
Vacation/PTO accruals,OTHER STAFF COST,OTHER STAFF COST
Bonus,OTHER STAFF COST,OTHER STAFF COST
Commission,OTHER STAFF COST,OTHER STAFF COST
Miscellaneous,OTHER STAFF COST,OTHER STAFF COST
Total Fringe Benefits,OTHER STAFF COST,OTHER STAFF COST
Contract Labor - Other,CONTRACT LABOR,CONTRACT LABOR
Wages - Agency,CONTRACT LABOR,CONTRACT LABOR
Wages -Casual labor-1099,CONTRACT LABOR,CONTRACT LABOR
Wages - Security/Bouncer-1099,CONTRACT LABOR,CONTRACT LABOR
Other Employee Expenses - Other,OTHER EMPLOYEE EXPENSES,OTHER EMPLOYEE EXPENSES
Staff Recruitment,OTHER EMPLOYEE EXPENSES,OTHER EMPLOYEE EXPENSES
Staff Uniforms,OTHER EMPLOYEE EXPENSES,OTHER EMPLOYEE EXPENSES
Staff Meals,OTHER EMPLOYEE EXPENSES,OTHER EMPLOYEE EXPENSES
Staff relations/morale,OTHER EMPLOYEE EXPENSES,OTHER EMPLOYEE EXPENSES
Staff Accommodation/Relocation,OTHER EMPLOYEE EXPENSES,OTHER EMPLOYEE EXPENSES
Staff First Aid,OTHER EMPLOYEE EXPENSES,OTHER EMPLOYEE EXPENSES
Employee Parking / Bus Passes,OTHER EMPLOYEE EXPENSES,OTHER EMPLOYEE EXPENSES
Safety & Training Programs,OTHER EMPLOYEE EXPENSES,OTHER EMPLOYEE EXPENSES
Advertising and Promotion - Other,ADVERTISING AND PROMOTION,ADVERTISING AND PROMOTION
Advertising,ADVERTISING AND PROMOTION,ADVERTISING AND PROMOTION
Public Relations,ADVERTISING AND PROMOTION,ADVERTISING AND PROMOTION
Branding & Design,ADVERTISING AND PROMOTION,ADVERTISING AND PROMOTION
R & D,ADVERTISING AND PROMOTION,ADVERTISING AND PROMOTION
Event Expenses,ADVERTISING AND PROMOTION,ADVERTISING AND PROMOTION
Commission Expenses,ADVERTISING AND PROMOTION,ADVERTISING AND PROMOTION
Complimentry Cost,ADVERTISING AND PROMOTION,ADVERTISING AND PROMOTION
Subscriptions,ADVERTISING AND PROMOTION,ADVERTISING AND PROMOTION
Photgraphy Expenses,ADVERTISING AND PROMOTION,ADVERTISING AND PROMOTION
Travel and Entertainment - Other,TRAVEL AND ENTERTAINMENT,TRAVEL AND ENTERTAINMENT
Airfare,TRAVEL AND ENTERTAINMENT,TRAVEL AND ENTERTAINMENT
Meals & Entertainment,TRAVEL AND ENTERTAINMENT,TRAVEL AND ENTERTAINMENT
Lodging,TRAVEL AND ENTERTAINMENT,TRAVEL AND ENTERTAINMENT
Taxi Charges & Local Travel,TRAVEL AND ENTERTAINMENT,TRAVEL AND ENTERTAINMENT
Auto Expenses,TRAVEL AND ENTERTAINMENT,TRAVEL AND ENTERTAINMENT
General and Administrative Exps - Other,PROFESSIONAL FEES,PROFESSIONAL FEES
Chargebacks,Other Expenses,Other Expenses
Extra/Short Receipts,Other Expenses,Other Expenses
Under/Over,Other Expenses,Other Expenses
Digital Sales - Adjustment,Other Expenses,Other Expenses
Supplies and Maintenanc - Other,SUPPLIES AND MAINTENANCE,SUPPLIES AND MAINTENANCE
Linen & Laundry,SUPPLIES AND MAINTENANCE,SUPPLIES AND MAINTENANCE
Paper Supplies,SUPPLIES AND MAINTENANCE,SUPPLIES AND MAINTENANCE
Office Supplies/Stationery,SUPPLIES AND MAINTENANCE,SUPPLIES AND MAINTENANCE
Repairs General,SUPPLIES AND MAINTENANCE,SUPPLIES AND MAINTENANCE
Repairs Equipment,SUPPLIES AND MAINTENANCE,SUPPLIES AND MAINTENANCE
BOH Supplies & Accessories,SUPPLIES AND MAINTENANCE,SUPPLIES AND MAINTENANCE
FOH Supplies & Accessories,SUPPLIES AND MAINTENANCE,SUPPLIES AND MAINTENANCE
Packaging Supplies,SUPPLIES AND MAINTENANCE,SUPPLIES AND MAINTENANCE
China,SUPPLIES AND MAINTENANCE,SUPPLIES AND MAINTENANCE
Glassware,SUPPLIES AND MAINTENANCE,SUPPLIES AND MAINTENANCE
Silverware,SUPPLIES AND MAINTENANCE,SUPPLIES AND MAINTENANCE
Menus,SUPPLIES AND MAINTENANCE,SUPPLIES AND MAINTENANCE
Cleaning Supplies,SUPPLIES AND MAINTENANCE,SUPPLIES AND MAINTENANCE
Flowers & Candles,SUPPLIES AND MAINTENANCE,SUPPLIES AND MAINTENANCE
Equipment Rental,SUPPLIES AND MAINTENANCE,SUPPLIES AND MAINTENANCE
Office Supplies/Stationery,SUPPLIES AND MAINTENANCE,SUPPLIES AND MAINTENANCE
Trash/Waste Removal Service,SUPPLIES AND MAINTENANCE,SUPPLIES AND MAINTENANCE
Pest Control,SUPPLIES AND MAINTENANCE,SUPPLIES AND MAINTENANCE
IT Cost,SUPPLIES AND MAINTENANCE,SUPPLIES AND MAINTENANCE
Postage & Courier,SUPPLIES AND MAINTENANCE,SUPPLIES AND MAINTENANCE
Music,SUPPLIES AND MAINTENANCE,SUPPLIES AND MAINTENANCE
Professional Fee - Other,PROFESSIONAL FEES,PROFESSIONAL FEES
Legal Fee,PROFESSIONAL FEES,PROFESSIONAL FEES
Audit Fee,PROFESSIONAL FEES,PROFESSIONAL FEES
Tax Fee,PROFESSIONAL FEES,PROFESSIONAL FEES
Professional Fee,PROFESSIONAL FEES,PROFESSIONAL FEES
Accounting Fee,PROFESSIONAL FEES,PROFESSIONAL FEES
Consulting Fee,PROFESSIONAL FEES,PROFESSIONAL FEES
Bookkeeping Fees,PROFESSIONAL FEES,PROFESSIONAL FEES
Guaranteed Payments,PROFESSIONAL CHARGES,PROFESSIONAL CHARGES
Other Financial Costs - Other,OTHER FINANCIAL COSTS,OTHER FINANCIAL COSTS
Payroll Processing Charges,OTHER FINANCIAL COSTS,OTHER FINANCIAL COSTS
Credit Card Charges,OTHER FINANCIAL COSTS,OTHER FINANCIAL COSTS
Bank Carges,OTHER FINANCIAL COSTS,OTHER FINANCIAL COSTS
Donations,OTHER FINANCIAL COSTS,OTHER FINANCIAL COSTS
Royalties,OTHER FINANCIAL COSTS,OTHER FINANCIAL COSTS
Tangible Property Taxes,OTHER FINANCIAL COSTS,OTHER FINANCIAL COSTS
Penalties,OTHER FINANCIAL COSTS,OTHER FINANCIAL COSTS
"License, Permits & Filling Fees",OTHER FINANCIAL COSTS,OTHER FINANCIAL COSTS
Sales and Use Tax,OTHER FINANCIAL COSTS,OTHER FINANCIAL COSTS
Tip Expenses,OTHER FINANCIAL COSTS,OTHER FINANCIAL COSTS
Finance Charges,OTHER FINANCIAL COSTS,OTHER FINANCIAL COSTS
Umbrella Insurance,OTHER FINANCIAL COSTS,OTHER FINANCIAL COSTS
Liability Insurance,OTHER FINANCIAL COSTS,OTHER FINANCIAL COSTS
Property Insurance,OTHER FINANCIAL COSTS,OTHER FINANCIAL COSTS
Utilities - Other,UTILITIES,UTILITIES
Electricity,UTILITIES,UTILITIES
Gas,UTILITIES,UTILITIES
Water,UTILITIES,UTILITIES
Security And Alarm,UTILITIES,UTILITIES
Telephone,UTILITIES,UTILITIES
Internet/Email,UTILITIES,UTILITIES
Occupancy Costs - Other,OCCUPANCY COST,OCCUPANCY COST
Rent,OCCUPANCY COST,OCCUPANCY COST
Percentage Rent,OCCUPANCY COST,OCCUPANCY COST
CAM Charges,OCCUPANCY COST,OCCUPANCY COST
Real Estate Escalation Tax,OCCUPANCY COST,OCCUPANCY COST
Storage Rent,OCCUPANCY COST,OCCUPANCY COST
Commercial Rent Tax,OCCUPANCY COST,OCCUPANCY COST
Personal/Tangible Property Tax,OCCUPANCY COST,OCCUPANCY COST
Uncategorized Exp/Ask My Acc,OTHER FINANCIAL COSTS,OTHER FINANCIAL COSTS
Sales Adjustments - Other,Other Expenses,Other Expenses
Other Income - Other,Other Income,Other Income
Interest Income,Other Income,Other Income
Other Income,Other Income,Other Income
Event Income,Other Income,Other Income
Total Beverages,COST OF GOODS SOLD,Total Beverages
Interest Expense - Other,Other Expenses,Other Expenses
Interest Paid on Loans - 1,Other Expenses,Other Expenses
Interest Paid on Loans - 2,Other Expenses,Other Expenses
Interest on Tax/Penalties,Other Expenses,Other Expenses
Corporate Tax Expense,OTHER FINANCIAL COSTS,OTHER FINANCIAL COSTS
Depreciation Expense,Other Expenses,Other Expenses
Amortization Expense,Other Expenses,Other Expenses
Pre-opening Costs,Other Expenses,Other Expenses
Other Expenses - Other,Other Expenses,Other Expenses
Exchange Differences,Other Expenses,Other Expenses
Rounding Differences,Other Expenses,Other Expenses
Dummy,Dummy,Dummy
Total Cost of Sales - Food,COST OF GOODS SOLD,Total Cost of Sales - Food
Total Cost of Sales - Beverage,COST OF GOODS SOLD,Total Cost of Sales - Beverage
TOTAL COST OF GOODS SOLD - F&B,COST OF GOODS SOLD,TOTAL COST OF GOODS SOLD - F&B
GROSS PROFIT,GROSS PROFIT,GROSS PROFIT
Revenue In House - Other,REVENUE,Total Revenue In House
Revenue In House Food,REVENUE,Total Revenue In House
Revenue In House Soda BIB,REVENUE,Total Revenue In House
Revenue in House Soda Can,REVENUE,Total Revenue In House
Revenue In House Beer,REVENUE,Total Revenue In House
Revenue In House Ice Tea,REVENUE,Total Revenue In House
Revenue In House Wine,REVENUE,Total Revenue In House
Revenue In House Water,REVENUE,Total Revenue In House
Revenue in House Juice,REVENUE,Total Revenue In House
Revenue Delivery - Other,REVENUE,Total Revenue Delievery
Revenue Delivery Food,REVENUE,Total Revenue Delievery
Revenue Delivery Soda BIB,REVENUE,Total Revenue Delievery
Revenue Delivery Soda Can,REVENUE,Total Revenue Delievery
Revenue Delivery Beer,REVENUE,Total Revenue Delievery
Revenue Delivery Ice Tea,REVENUE,Total Revenue Delievery
Revenue Delivery Wine,REVENUE,Total Revenue Delievery
Revenue Delivery Water,REVENUE,Total Revenue Delievery
Revenue Delivery Juice,REVENUE,Total Revenue Delievery
Revenue - Retail,REVENUE,Revenue - Retail
Revenue - Delivery fee,REVENUE,Revenue - Delivery fee
Comps & Promos - Other,REVENUE,Total Comps & Promos
Comps & Promos (In House),REVENUE,Total Comps & Promos
Comps & Promos (Delivery),REVENUE,Total Comps & Promos
Sales Adjustment,REVENUE,Sales Adjustment
Licensing fees received,REVENUE,Licensing fees received
Management Fees Income,TOTAL INCOME,INCOME
Events,REVENUE,Events
TOTAL PRIME COST,TOTAL PRIME COST,TOTAL PRIME COST
TOTAL OPERATING EXPENSE,TOTAL OPERATING EXPENSE,TOTAL OPERATING EXPENSE
TOTAL STORE LEVEL EXPENSE,TOTAL STORE LEVEL EXPENSE,TOTAL STORE LEVEL EXPENSE
Food - Other,COST OF GOODS SOLD,Total Food
Food Purchases,COST OF GOODS SOLD,Total Food
Food - Stock Adjustment,COST OF GOODS SOLD,Total Food
Bakery - Other,COST OF GOODS SOLD,Total Cost of Sales - Bakery
Bakery Purchases,COST OF GOODS SOLD,Total Cost of Sales - Bakery
Bakery - Stock Adjustment,COST OF GOODS SOLD,Total Cost of Sales - Bakery
Dairy - Other,COST OF GOODS SOLD,Total Cost of Sales - Dairy
Dairy Purchases,COST OF GOODS SOLD,Total Cost of Sales - Dairy
Dairy - Stock Adjustment,COST OF GOODS SOLD,Total Cost of Sales - Dairy
Meat - Other,COST OF GOODS SOLD,Total Cost of Sales - Meat
Meat Purchases,COST OF GOODS SOLD,Total Cost of Sales - Meat
Meat - Stock Adjustment,COST OF GOODS SOLD,Total Cost of Sales - Meat
Mozzarella - Other,COST OF GOODS SOLD,Total Cost of Sales - Mozzarella
Mozzarella Purchases,COST OF GOODS SOLD,Total Cost of Sales - Mozzarella
Mozzarella - Stock Adjustment,COST OF GOODS SOLD,Total Cost of Sales - Mozzarella
Produce - Other,COST OF GOODS SOLD,Total Cost of Sales - Produce
Produce Purchases,COST OF GOODS SOLD,Total Cost of Sales - Produce
Produce - Stock Adjustment,COST OF GOODS SOLD,Total Cost of Sales - Produce
Seafood - Other,COST OF GOODS SOLD,Total Cost of Sales - Seafood
Seafood Purchases,COST OF GOODS SOLD,Total Cost of Sales - Seafood
Seafood - Stock Adjustment,COST OF GOODS SOLD,Total Cost of Sales - Seafood
Oils - Other,COST OF GOODS SOLD,Total Cost of Sales - Oils
Oils Purchases,COST OF GOODS SOLD,Total Cost of Sales - Oils
Oils - Stock Adjustment,COST OF GOODS SOLD,Total Cost of Sales - Oils
Sauces - Other,COST OF GOODS SOLD,Total Cost of Sales - Sauces
Sauces Purchases,COST OF GOODS SOLD,Total Cost of Sales - Sauces
Sauces - Stock Adjustment,COST OF GOODS SOLD,Total Cost of Sales - Sauces
Cost of Sales - Food - Other,COST OF GOODS SOLD,Cost of Sales - Food - Other
TOTAL STORE LEVEL PROFIT,TOTAL STORE LEVEL PROFIT,TOTAL STORE LEVEL PROFIT
Cost of Sales - Wine - Other,COST OF GOODS SOLD,Total Cost of Sales - Wine
Wine Purchases,COST OF GOODS SOLD,Total Cost of Sales - Wine
Wine - Stock Adjustment,COST OF GOODS SOLD,Total Cost of Sales - Wine
Cost of Goods Sold - Beverage - Other,COST OF GOODS SOLD,Cost of Goods Sold - Beverage - Other
Cost of Sales - Beer - Other,COST OF GOODS SOLD,Total Cost of Sales - Beer
Beer Purchases,COST OF GOODS SOLD,Total Cost of Sales - Beer
Beer - Stock Adjustment,COST OF GOODS SOLD,Total Cost of Sales - Beer
TOTAL OPERATING EXPENSES,TOTAL OPERATING EXPENSES,TOTAL OPERATING EXPENSES
Cost of Sales - Ice Tea - Other,COST OF GOODS SOLD,Total Cost of Sales - Ice Tea
Ice Tea Purchases,COST OF GOODS SOLD,Total Cost of Sales - Ice Tea
Ice Tea - Stock Adjustment,COST OF GOODS SOLD,Total Cost of Sales - Ice Tea
Cost of Sales - Soda - BIB - Other,COST OF GOODS SOLD,Total Cost of Sales - Soda - BIB
Soda - BIB Purchases,COST OF GOODS SOLD,Total Cost of Sales - Soda - BIB
Soda - BIB - Stock Adjustment,COST OF GOODS SOLD,Total Cost of Sales - Soda - BIB
EBITDA,EBITDA,EBITDA
Cost of Sales - Soda - Cans - Other,COST OF GOODS SOLD,Total Cost of Sales - Soda - Cane
Soda - Cans Purchases,COST OF GOODS SOLD,Total Cost of Sales - Soda - Cane
Soda - Cans - Stock Adjustment,COST OF GOODS SOLD,Total Cost of Sales - Soda - Cane
Cost of Sales - Juice - Other,COST OF GOODS SOLD,Total Cost of Sales - Juice
Juice Purchases,COST OF GOODS SOLD,Total Cost of Sales - Juice
Juice - Stock Adjustment,COST OF GOODS SOLD,Total Cost of Sales - Juice
Cost of Sales - Water - Other,COST OF GOODS SOLD,Total Cost of Sales - Water
Water Purchases,COST OF GOODS SOLD,Total Cost of Sales - Water
Water - Stock Adjustment,COST OF GOODS SOLD,Total Cost of Sales - Water
Cost of Sales - Events - Other,COST OF GOODS SOLD,Total Cost of Sales - Events
Event Items purchase,COST OF GOODS SOLD,Total Cost of Sales - Events
Cost of Sales - Retails - Other,COST OF GOODS SOLD,Cost of Sales - Retails - Other
Retail Purchases,COST OF GOODS SOLD,Retail Purchases
Retail - Stock Adjustment,COST OF GOODS SOLD,Retail - Stock Adjustment
PROFIT BEFORE TAX & DEPRECIATION,PROFIT BEFORE TAX & DEPRECIATION,PROFIT BEFORE TAX & DEPRECIATION
Use Tax on Comps,G&A,Use Tax on Comps
NET PROFIT/(LOSS),NET PROFIT/(LOSS),NET PROFIT/(LOSS)
Labour - Other,STAFF COST,TOTAL OTHER STAFF COST
Wages - Other,STAFF COST,Wages - Other
Employment Benefits - Other,STAFF COST,Total Employer Benefits
Wages - F.O.H. Wages - Other,STAFF COST,Total Wages - F.O.H. Wages
Wages - B.O.H. Wages - Other,STAFF COST,Total Wages - B.O.H. Wages
Wages - F.O.H. Management,STAFF COST,TOTAL OTHER STAFF COST
Wages - B.O.H. Management,STAFF COST,TOTAL OTHER STAFF COST
Wages - Agency,STAFF COST,TOTAL OTHER STAFF COST
Wages - 1099,STAFF COST,TOTAL OTHER STAFF COST
Cash - Wages,STAFF COST,TOTAL OTHER STAFF COST
Consulting fees,STAFF COST,TOTAL OTHER STAFF COST
Executive Fees,STAFF COST,TOTAL OTHER STAFF COST
Catering & Admin,STAFF COST,TOTAL OTHER STAFF COST
Assistant Manager,STAFF COST,Total Wages - F.O.H. Wages
Counter,STAFF COST,Total Wages - F.O.H. Wages
Delivery,STAFF COST,Total Wages - B.O.H. Wages
General Manager,STAFF COST,Total Wages - F.O.H. Wages
Shift Leader,STAFF COST,Total Wages - F.O.H. Wages
Pizza,STAFF COST,Total Wages - B.O.H. Wages
Oven,STAFF COST,Total Wages - B.O.H. Wages
Prep,STAFF COST,Total Wages - B.O.H. Wages
Operations,STAFF COST,Total Wages - F.O.H. Wages
Payroll Expense,STAFF COST,TOTAL OTHER STAFF COST
Dishwasher/Porter,STAFF COST,Total Wages - B.O.H. Wages
Catering/Social Media,TOTAL OTHER EXPENSES,OTHER EXPENSES
Human Resource,STAFF COST,Total Wages - F.O.H. Wages
Server,STAFF COST,Total Wages - F.O.H. Wages
Supervisor,STAFF COST,Total Wages - F.O.H. Wages
Employer Taxes - Other,STAFF COST,Total Employer Taxes
Federal FUTA,STAFF COST,Total Employer Taxes
Medicare & Social Security,STAFF COST,Total Employer Taxes
Ny Re-employment,STAFF COST,Total Employer Taxes
Ny MTAI,STAFF COST,Total Employer Taxes
State SUI,STAFF COST,Total Employer Taxes
OASDI,STAFF COST,Total Employer Taxes
ERTC,STAFF COST,Total Employer Taxes
Staff Workman's Comp,STAFF COST,Total Employer Benefits
Staff Insurance - Other,STAFF COST,Total Employer Benefits
Medical,STAFF COST,Total Employer Benefits
Dental,STAFF COST,Total Employer Benefits
Vision,STAFF COST,Total Employer Benefits
Disability,STAFF COST,Total Employer Benefits
PFL Insurance,STAFF COST,Total Employer Benefits
Staff Recruitment,STAFF COST,Total Employer Benefits
Staff Training,STAFF COST,Total Employer Benefits
Staff Uniforms,STAFF COST,Total Employer Benefits
Staff Meals,STAFF COST,Total Employer Benefits
Executive Benefits,STAFF COST,Total Employer Benefits
Staff Accommodation/Relocation,STAFF COST,Total Employer Benefits
Staff First Aid,STAFF COST,Total Employer Benefits
Training,STAFF COST,Total Employer Benefits
Paid Time Off,STAFF COST,Total Employer Benefits
Bonus,STAFF COST,Total Employer Benefits
Vacation,STAFF COST,Total Employer Benefits
G&A - Other,G&A,G&A - Other
Advertising,CONTROLLABLES,Advertising
Public Relations,CONTROLLABLES,Public Relations
Marketing,CONTROLLABLES,Marketing
Branding & Design,TOTAL OTHER EXPENSES,OTHER EXPENSES
R & D,TOTAL OTHER EXPENSES,OTHER EXPENSES
Event Expenses,CONTROLLABLES,Event Expenses
Delivery Commission - Other,G&A,Total Delivery Commission Fees
Grubhub Commission,G&A,Total Delivery Commission Fees
Chownow Commission,G&A,Total Delivery Commission Fees
Ezcater Commission,G&A,Total Delivery Commission Fees
CaterCow Commission,G&A,Total Delivery Commission Fees
Slice Commission,G&A,Total Delivery Commission Fees
UberEats Commission,G&A,Total Delivery Commission Fees
Doordash Commission,G&A,Total Delivery Commission Fees
Too Good To Go Commission,G&A,Total Delivery Commission Fees
Sharebite Commission,G&A,Total Delivery Commission Fees
Subscriptions,G&A,Subscriptions
Photography expense,TOTAL OTHER EXPENSES,OTHER EXPENSES
Complimentary Cost,G&A,Complimentary Cost
Airfare,CONTROLLABLES,Airfare
Entertainment Meals,CONTROLLABLES,Entertainment Meals
Lodging,CONTROLLABLES,Lodging
Shipping and Freight,CONTROLLABLES,Shipping and Freight
Transportation,CONTROLLABLES,Transportation
Delivery Service Fees,G&A,Delivery Service Fees
Telecommunications - Other,CONTROLLABLES,Total Telecommunication Cost
Telephone,CONTROLLABLES,Total Telecommunication Cost
Postage & Courier,G&A,Postage & Courier
Internet,CONTROLLABLES,Total Telecommunication Cost
Cable (TV),CONTROLLABLES,Total Telecommunication Cost
Controllables - Other,CONTROLLABLES,Controllables - Other
Linen & Laundry,CONTROLLABLES,Linen & Laundry
Cleaning Supplies,CONTROLLABLES,Cleaning Supplies
Cleaning Contract Services,CONTROLLABLES,Cleaning Contract Services
Pest Control,G&A,Pest Control
Waste Removal Service,G&A,Waste Removal Service
FIre contract service,G&A,FIre contract service
Kitchen Supplies,CONTROLLABLES,Kitchen Supplies
FOH Supplies,CONTROLLABLES,FOH Supplies
Total Cost of Sales - Pizza Boxes,COST OF GOODS SOLD,Total Cost of Sales - Pizza Boxes
Total Cost of Sales - Paper Supplies,COST OF GOODS SOLD,Total Cost of Sales - Paper Supplies
Smallwares,CONTROLLABLES,Smallwares
Plasticware,CONTROLLABLES,Plasticware
Glassware,CONTROLLABLES,Glassware
Barware,CONTROLLABLES,Barware
Music,G&A,Music
Décor,CONTROLLABLES,Décor
Office Supplies/Stationery,CONTROLLABLES,Office Supplies/Stationery
Menus,CONTROLLABLES,Menus
Printing and Reproduction,CONTROLLABLES,Printing and Reproduction
IT,TOTAL OTHER EXPENSES,OTHER EXPENSES
Equipment Rental,CONTROLLABLES,Equipment Rental
Repairs - Building,CONTROLLABLES,Repairs - Building
Repairs - Equipment,CONTROLLABLES,Repairs - Equipment
Repairs - General,CONTROLLABLES,Repairs - General
Repairs - Electrical,CONTROLLABLES,Repairs - Electrical
Repairs - Plumbing,CONTROLLABLES,Repairs - Plumbing
Repairs - Refrigeration,CONTROLLABLES,Repairs - Refrigeration
Occupancy - Other,TOTAL OCCUPANCY COST,OCCUPANCY COST
Legal Fees,G&A,Legal Fees
Audit Fees,OTHER OPERATING EXPENSES,OTHER OPERATING EXPENSES
Tax Fees,G&A,Tax Fees
Professional Fees,TOTAL OTHER EXPENSES,OTHER EXPENSES
Accountancy Fees,G&A,Accountancy Fees
Consulting Fees,G&A,Consulting Fees
Payroll Processing Fees,G&A,Payroll Processing Fees
Credit Card Fees,G&A,Credit Card Fees
Credit Card Charges - Fania,G&A,Credit Card Charges - Fania
Credit Card Charges - Chris,G&A,Credit Card Charges - Chris
Credit Card Charges - Phil,G&A,Credit Card Charges - Phil
Chargeback (Toast),G&A,Chargeback (Toast)
Bank Charges,G&A,Bank Charges
Donations,OTHER OPERATING EXPENSES,OTHER OPERATING EXPENSES
Royalties,OTHER OPERATING EXPENSES,OTHER OPERATING EXPENSES
Corporation Tax,TOTAL OTHER EXPENSES,OTHER EXPENSES
Tangible Property Tax,OTHER OPERATING EXPENSES,OTHER OPERATING EXPENSES
Penalties,TOTAL OTHER EXPENSES,OTHER EXPENSES
Interest on Tax/Penalties,G&A,Interest on Tax/Penalties
Licenses and Permits,G&A,Licenses and Permits
Payroll Admin,STAFF COST,TOTAL OTHER STAFF COST
R&M Manager,STAFF COST,TOTAL OTHER STAFF COST
District Manager,STAFF COST,TOTAL OTHER STAFF COST
Rent,TOTAL OCCUPANCY COST,OCCUPANCY COST
Real Estate Escalation Tax,TOTAL OCCUPANCY COST,OCCUPANCY COST
Commercial Rent Tax,OTHER OPERATING EXPENSES,OTHER OPERATING EXPENSES
Electricity,TOTAL OCCUPANCY COST,OCCUPANCY COST
Gas,TOTAL OCCUPANCY COST,OCCUPANCY COST
Water,TOTAL OCCUPANCY COST,OCCUPANCY COST
Insurance,G&A,Insurance
Insurance,G&A,Insurance
Insurance,G&A,Insurance
Insurance,G&A,Insurance
Security Services,G&A,Security Services
CAM Charges,OTHER OPERATING EXPENSES,OTHER OPERATING EXPENSES
P & L Amortization - Other,TOTAL P&L AMORTIZATION,TOTAL P&L AMORTIZATION
Fees,TOTAL P&L AMORTIZATION,TOTAL P&L AMORTIZATION
Interest Income,TOTAL INCOME,INCOME
Bank Interest,TOTAL INCOME,INCOME
Other Income?,TOTAL INCOME,INCOME
Other Income,TOTAL INCOME,INCOME
Ask My Accountant,TOTAL OTHER EXPENSES,OTHER EXPENSES
Other Expenses - Other,TOTAL OTHER EXPENSES,OTHER EXPENSES
Embezzlement,TOTAL OTHER EXPENSES,OTHER EXPENSES
Over/Under,TOTAL OTHER EXPENSES,OTHER EXPENSES
Rounding Differences,TOTAL OTHER EXPENSES,OTHER EXPENSES
Tax Interest,TOTAL OTHER EXPENSES,OTHER EXPENSES
Tax Penalties,TOTAL OTHER EXPENSES,OTHER EXPENSES
Exchange Differences,TOTAL OTHER EXPENSES,OTHER EXPENSES
Management Fees,TOTAL OTHER EXPENSES,OTHER EXPENSES
MANAGEMENT EXPENSE,TOTAL OTHER EXPENSES,OTHER EXPENSES
Incremental Rent,TOTAL OTHER EXPENSES,OTHER EXPENSES
P & L Depreciation,Total P&L Depreciations,P&L Depreciations
Interest Paid on Loans,TOTAL OTHER EXPENSES,OTHER EXPENSES
Storage Rent,TOTAL OCCUPANCY COST,OCCUPANCY COST
Sales Tax Expense,TOTAL OTHER EXPENSES,OTHER EXPENSES
Total Cost of Sales - Retails,COST OF GOODS SOLD,Total Cost of Sales - Retails
GROSS PROFIT,GROSS PROFIT,GROSS PROFIT
Total Cost of Sales - Food,COST OF GOODS SOLD,Total Cost of Sales - Food
TOTAL OPERATING EXPENSES,TOTAL OPERATING EXPENSES,TOTAL OPERATING EXPENSES
EBITDA,EBITDA,EBITDA
PROFIT BEFORE TAX & DEPRECIATION,PROFIT BEFORE TAX & DEPRECIATION,PROFIT BEFORE TAX & DEPRECIATION
P & L Depreciation,P & L Depreciation,P & L Depreciation
Total Cost of Sales - Tea/Coffee,COST OF GOODS SOLD,Total Cost of Sales - Tea/Coffee
P & L Amortization,P & L Amortization,P & L Amortization
Revenue - Other,REVENUE,TOTAL REVENUE
Food,REVENUE,TOTAL REVENUE
Tea/Coffee,REVENUE,TOTAL REVENUE
Wines,REVENUE,TOTAL REVENUE
Champagne,REVENUE,TOTAL REVENUE
Liquor,REVENUE,TOTAL REVENUE
Beer,REVENUE,TOTAL REVENUE
Other Beverages,REVENUE,TOTAL REVENUE
Retails,REVENUE,TOTAL REVENUE
Discount,REVENUE,TOTAL REVENUE
NET PROFIT/(LOSS),NET PROFIT/(LOSS),NET PROFIT/(LOSS)
Total Cost of Sales - Wine,COST OF GOODS SOLD,Total Cost of Sales - Wine
Cost of Sales - Food - Other,COST OF GOODS SOLD,Total Cost of Sales - Food
Food Purchases,COST OF GOODS SOLD,Total Cost of Sales - Food
Food - Stock Adjustment,COST OF GOODS SOLD,Total Cost of Sales - Food
Cost of Sales - Tea/Coffee - Other,COST OF GOODS SOLD,Total Cost of Sales - Tea/Coffee
Tea/Coffee Purchases,COST OF GOODS SOLD,Total Cost of Sales - Tea/Coffee
Tea/Coffee - Stock Adjustment,COST OF GOODS SOLD,Total Cost of Sales - Tea/Coffee
Cost of Sales - Wine - Other,COST OF GOODS SOLD,Total Cost of Sales - Wine
Wine Purchases,COST OF GOODS SOLD,Total Cost of Sales - Wine
Wine - Stock Adjustment,COST OF GOODS SOLD,Total Cost of Sales - Wine
Cost of Sales - Champagne - Other,COST OF GOODS SOLD,Total Cost of Sales - Champagne
Champagne Purchases,COST OF GOODS SOLD,Total Cost of Sales - Champagne
Champagne - Stock Adjustment,COST OF GOODS SOLD,Total Cost of Sales - Champagne
Cost of Sales - Liquor - Other,COST OF GOODS SOLD,Total Cost of Sales - Liquor
Liquor Purchases,COST OF GOODS SOLD,Total Cost of Sales - Liquor
Liquor - Stock Adjustment,COST OF GOODS SOLD,Total Cost of Sales - Liquor
Cost of Sales - Beer - Other,COST OF GOODS SOLD,Total Cost of Sales - Beer
Beer Purchases,COST OF GOODS SOLD,Total Cost of Sales - Beer
Beer - Stock Adjustment,COST OF GOODS SOLD,Total Cost of Sales - Beer
Cost of Sales - Other Bev - Other,COST OF GOODS SOLD,Total Cost of Sales - Other Beverages
Other Bev Purchases,COST OF GOODS SOLD,Total Cost of Sales - Other Beverages
Other Bev - Stock Adjustment,COST OF GOODS SOLD,Total Cost of Sales - Other Beverages
Cost of Sales - Retails - Other,COST OF GOODS SOLD,Total Cost of Sales - Retails
Retail Purchases,COST OF GOODS SOLD,Total Cost of Sales - Retails
Retail - Stock Adjustment,COST OF GOODS SOLD,Total Cost of Sales - Retails
Total Cost of Sales - Champagne,COST OF GOODS SOLD,Total Cost of Sales - Champagne
Total Cost of Sales - Liquor,COST OF GOODS SOLD,Total Cost of Sales - Liquor
Labor Cost,STAFF COST,TOTAL STAFF COST
Wage Cost,STAFF COST,TOTAL STAFF COST
FOH,STAFF COST,TOTAL STAFF COST
Wages - F.O.H. Salaried,STAFF COST,TOTAL STAFF COST
GM,STAFF COST,TOTAL STAFF COST
Assistant Manager,STAFF COST,TOTAL STAFF COST
Floor Manager,STAFF COST,TOTAL STAFF COST
Wages - F.O.H. Hourly,STAFF COST,TOTAL STAFF COST
Wages - F.O.H. Hourly - OT,STAFF COST,TOTAL STAFF COST
Server,STAFF COST,TOTAL STAFF COST
Busser,STAFF COST,TOTAL STAFF COST
Runner,STAFF COST,TOTAL STAFF COST
Bartender,STAFF COST,TOTAL STAFF COST
Barback,STAFF COST,TOTAL STAFF COST
Hostess,STAFF COST,TOTAL STAFF COST
Cashier,STAFF COST,TOTAL STAFF COST
BOH,STAFF COST,TOTAL STAFF COST
Wages - B.O.H. Salaried,STAFF COST,TOTAL STAFF COST
Executive Chef,STAFF COST,TOTAL STAFF COST
Sous Chef,STAFF COST,TOTAL STAFF COST
Chef de Cuisine,STAFF COST,TOTAL STAFF COST
Wages - B.O.H. Hourly,STAFF COST,TOTAL STAFF COST
Wages - B.O.H. Hourly - OT,STAFF COST,TOTAL STAFF COST
Cook,STAFF COST,TOTAL STAFF COST
Steward,STAFF COST,TOTAL STAFF COST
Receiving Clerk,STAFF COST,TOTAL STAFF COST
Fresh Direct Payroll,STAFF COST,TOTAL STAFF COST
Employer Taxes - Other,EMPLOYER TAXES,TOTAL EMPLOYER TAXES
Social Security,EMPLOYER TAXES,TOTAL EMPLOYER TAXES
Medicare,EMPLOYER TAXES,TOTAL EMPLOYER TAXES
Federal FUTA,EMPLOYER TAXES,TOTAL EMPLOYER TAXES
NY MTA,EMPLOYER TAXES,TOTAL EMPLOYER TAXES
OASDI,EMPLOYER TAXES,TOTAL EMPLOYER TAXES
Ny Re-employment,EMPLOYER TAXES,TOTAL EMPLOYER TAXES
State SUI,EMPLOYER TAXES,TOTAL EMPLOYER TAXES
Other Staff Costs,OTHER STAFF COST,TOTAL OTHER STAFF COST
Contract Labor,OTHER STAFF COST,TOTAL OTHER STAFF COST
Wages - Agency,OTHER STAFF COST,TOTAL OTHER STAFF COST
Wages - 1099,OTHER STAFF COST,TOTAL OTHER STAFF COST
Wages - Security - 1099,OTHER STAFF COST,TOTAL OTHER STAFF COST
Employee Benefits,OTHER STAFF COST,TOTAL OTHER STAFF COST
Workers' Compensation Insurance,OTHER STAFF COST,TOTAL OTHER STAFF COST
Staff Recruitment,OTHER STAFF COST,TOTAL OTHER STAFF COST
Staff Training,OTHER STAFF COST,TOTAL OTHER STAFF COST
Staff Uniforms,OTHER STAFF COST,TOTAL OTHER STAFF COST
Staff Meals,OTHER STAFF COST,TOTAL OTHER STAFF COST
Staff Welfare,OTHER STAFF COST,TOTAL OTHER STAFF COST
Staff Accommodation/Relocation,OTHER STAFF COST,TOTAL OTHER STAFF COST
Staff First Aid,OTHER STAFF COST,TOTAL OTHER STAFF COST
Staff Insurance - Other,STAFF INSURANCE,TOTAL STAFF INSURANCE
Medical,STAFF INSURANCE,TOTAL STAFF INSURANCE
Dental,STAFF INSURANCE,TOTAL STAFF INSURANCE
Vision,STAFF INSURANCE,TOTAL STAFF INSURANCE
PFL,STAFF INSURANCE,TOTAL STAFF INSURANCE
Disability,STAFF INSURANCE,TOTAL STAFF INSURANCE
Workers' Compensation Insurance,STAFF INSURANCE,TOTAL STAFF INSURANCE
Advertising and Promotion - Other,ADVERTISING AND PROMOTION,TOTAL ADVERTISING AND PROMOTION
Advertising,ADVERTISING AND PROMOTION,TOTAL ADVERTISING AND PROMOTION
Public Relations,ADVERTISING AND PROMOTION,TOTAL ADVERTISING AND PROMOTION
Branding & Design,ADVERTISING AND PROMOTION,TOTAL ADVERTISING AND PROMOTION
R & D,ADVERTISING AND PROMOTION,TOTAL ADVERTISING AND PROMOTION
Event Expenses,ADVERTISING AND PROMOTION,TOTAL ADVERTISING AND PROMOTION
Commission Expense,ADVERTISING AND PROMOTION,TOTAL ADVERTISING AND PROMOTION
Subscriptions,ADVERTISING AND PROMOTION,TOTAL ADVERTISING AND PROMOTION
Photography expense,ADVERTISING AND PROMOTION,TOTAL ADVERTISING AND PROMOTION
Complimentary Cost,ADVERTISING AND PROMOTION,TOTAL ADVERTISING AND PROMOTION
Travel and Entertainment - Other,TRAVEL AND ENTERTAINMENT,TOTAL TRAVEL AND ENTERTAINMENT
Airfare,TRAVEL AND ENTERTAINMENT,TOTAL TRAVEL AND ENTERTAINMENT
Meals & Entertainment,TRAVEL AND ENTERTAINMENT,TOTAL TRAVEL AND ENTERTAINMENT
Lodging,TRAVEL AND ENTERTAINMENT,TOTAL TRAVEL AND ENTERTAINMENT
Taxi Charges & Local Travel,TRAVEL AND ENTERTAINMENT,TOTAL TRAVEL AND ENTERTAINMENT
Auto Expense,TRAVEL AND ENTERTAINMENT,TOTAL TRAVEL AND ENTERTAINMENT
Web Design & Maintenance,TRAVEL AND ENTERTAINMENT,TOTAL TRAVEL AND ENTERTAINMENT
Valet Parking - Guest,TRAVEL AND ENTERTAINMENT,TOTAL TRAVEL AND ENTERTAINMENT
Clearing and Freight charges,TRAVEL AND ENTERTAINMENT,TOTAL TRAVEL AND ENTERTAINMENT
Telephone,TRAVEL AND ENTERTAINMENT,TOTAL TRAVEL AND ENTERTAINMENT
Internet/Email,TRAVEL AND ENTERTAINMENT,TOTAL TRAVEL AND ENTERTAINMENT
Supplies and Maintenance - Other,SUPPLIES AND MAINTENANCE,TOTAL SUPPLIES AND MAINTENANCE
Linen & Laundry,SUPPLIES AND MAINTENANCE,TOTAL SUPPLIES AND MAINTENANCE
Cleaning Supplies,SUPPLIES AND MAINTENANCE,TOTAL SUPPLIES AND MAINTENANCE
Cleaning Contract Services,SUPPLIES AND MAINTENANCE,TOTAL SUPPLIES AND MAINTENANCE
Pest Control,SUPPLIES AND MAINTENANCE,TOTAL SUPPLIES AND MAINTENANCE
Trash/Waste Removal Service,SUPPLIES AND MAINTENANCE,TOTAL SUPPLIES AND MAINTENANCE
BOH Supplies & Accessories,SUPPLIES AND MAINTENANCE,TOTAL SUPPLIES AND MAINTENANCE
FOH Supplies & Accessories,SUPPLIES AND MAINTENANCE,TOTAL SUPPLIES AND MAINTENANCE
Paper Supplies,SUPPLIES AND MAINTENANCE,TOTAL SUPPLIES AND MAINTENANCE
Packaging Supplies,SUPPLIES AND MAINTENANCE,TOTAL SUPPLIES AND MAINTENANCE
Chinaware,SUPPLIES AND MAINTENANCE,TOTAL SUPPLIES AND MAINTENANCE
Flatware,SUPPLIES AND MAINTENANCE,TOTAL SUPPLIES AND MAINTENANCE
Glassware,SUPPLIES AND MAINTENANCE,TOTAL SUPPLIES AND MAINTENANCE
Barware,SUPPLIES AND MAINTENANCE,TOTAL SUPPLIES AND MAINTENANCE
Music,SUPPLIES AND MAINTENANCE,TOTAL SUPPLIES AND MAINTENANCE
"Landscape, Flowers & Candles",SUPPLIES AND MAINTENANCE,TOTAL SUPPLIES AND MAINTENANCE
Office Supplies/Stationery,SUPPLIES AND MAINTENANCE,TOTAL SUPPLIES AND MAINTENANCE
Menus,SUPPLIES AND MAINTENANCE,TOTAL SUPPLIES AND MAINTENANCE
IT Cost,SUPPLIES AND MAINTENANCE,TOTAL SUPPLIES AND MAINTENANCE
Equipment Rental,SUPPLIES AND MAINTENANCE,TOTAL SUPPLIES AND MAINTENANCE
Repairs - Building,SUPPLIES AND MAINTENANCE,TOTAL SUPPLIES AND MAINTENANCE
Repairs - Equipment,SUPPLIES AND MAINTENANCE,TOTAL SUPPLIES AND MAINTENANCE
Repairs - General,SUPPLIES AND MAINTENANCE,TOTAL SUPPLIES AND MAINTENANCE
Postage & Courier,SUPPLIES AND MAINTENANCE,TOTAL SUPPLIES AND MAINTENANCE
POS Charges,SUPPLIES AND MAINTENANCE,TOTAL SUPPLIES AND MAINTENANCE
Professional Fees - Other,PROFESSIONAL CHARGES,TOTAL PROFESSIONAL CHARGES
Legal Fees,PROFESSIONAL CHARGES,TOTAL PROFESSIONAL CHARGES
Audit Fees,PROFESSIONAL CHARGES,TOTAL PROFESSIONAL CHARGES
Tax Fees,PROFESSIONAL CHARGES,TOTAL PROFESSIONAL CHARGES
Professional Fees,PROFESSIONAL CHARGES,TOTAL PROFESSIONAL CHARGES
Accounting Fees,PROFESSIONAL CHARGES,TOTAL PROFESSIONAL CHARGES
Consulting Fees,PROFESSIONAL CHARGES,TOTAL PROFESSIONAL CHARGES
Other Financial Costs - Other,OTHER FINANCIAL COSTS,TOTAL OTHER FINANCIAL COSTS
Payroll Processing Charges,OTHER FINANCIAL COSTS,TOTAL OTHER FINANCIAL COSTS
Credit Card Charges,OTHER FINANCIAL COSTS,TOTAL OTHER FINANCIAL COSTS
Bank Charges,OTHER FINANCIAL COSTS,TOTAL OTHER FINANCIAL COSTS
Donations,OTHER FINANCIAL COSTS,TOTAL OTHER FINANCIAL COSTS
Royalties,OTHER FINANCIAL COSTS,TOTAL OTHER FINANCIAL COSTS
Tangible Property Taxes,OTHER FINANCIAL COSTS,TOTAL OTHER FINANCIAL COSTS
Penalties,OTHER FINANCIAL COSTS,TOTAL OTHER FINANCIAL COSTS
Licenses & Permits,OTHER FINANCIAL COSTS,TOTAL OTHER FINANCIAL COSTS
Sales and Use Tax,OTHER FINANCIAL COSTS,TOTAL OTHER FINANCIAL COSTS
Insurance Expense - Other,INSURANCE EXPENSES,TOTAL INSURANCE EXPENSES
Liability Insurance,INSURANCE EXPENSES,TOTAL INSURANCE EXPENSES
Property Insurance,INSURANCE EXPENSES,TOTAL INSURANCE EXPENSES
Umbrella Insurance,INSURANCE EXPENSES,TOTAL INSURANCE EXPENSES
EPLI Insurance,INSURANCE EXPENSES,TOTAL INSURANCE EXPENSES
Occupancy Costs - Other,OCCUPANCY COST,TOTAL OCCUPANCY COST
Rent,OCCUPANCY COST,TOTAL OCCUPANCY COST
Percentage Rent,OCCUPANCY COST,TOTAL OCCUPANCY COST
Real Estate Escalation Tax,OCCUPANCY COST,TOTAL OCCUPANCY COST
Commercial Rent Tax,OCCUPANCY COST,TOTAL OCCUPANCY COST
Electricity,OCCUPANCY COST,TOTAL OCCUPANCY COST
Gas,OCCUPANCY COST,TOTAL OCCUPANCY COST
Water,OCCUPANCY COST,TOTAL OCCUPANCY COST
Storage Rent,OCCUPANCY COST,TOTAL OCCUPANCY COST
Security and Alarm,OCCUPANCY COST,TOTAL OCCUPANCY COST
CAM Charges,OCCUPANCY COST,TOTAL OCCUPANCY COST
Uncategorized Expenses,OCCUPANCY COST,TOTAL OCCUPANCY COST
Sales Adjustments - Other,Other Income,Sales Adjustments - Other
Chargebacks,Other Income,Chargebacks
Extra/Short Receipts,Other Income,Extra/Short Receipts
Under/Over,Other Income,Under/Over
Digital Sales - Adjustments,Other Income,Digital Sales - Adjustments
Total Cost of Sales - Beer,COST OF GOODS SOLD,Total Cost of Sales - Beer
Total Cost of Sales - Other Beverages,COST OF GOODS SOLD,Total Cost of Sales - Other Beverages
Other Income - Other,Other Income,Other Income - Other
Interest Income,Other Income,Interest Income
Other Income,Other Income,Other Income
Fresh Direct Admin Fee,Other Expenses,Fresh Direct Admin Fee
Fresh Direct Operational fees,Other Expenses,Fresh Direct Operational fees
Total Beverages,COST OF GOODS SOLD,Total Beverages
Interest Expense - Other,Other Expenses,Interest Expense - Other
Interest - Credit line Loan,Other Expenses,Interest - Credit line Loan
Interest on Tax/Penalties,Other Expenses,Interest on Tax/Penalties
Corporate Tax Expense,Other Expenses,Corporate Tax Expense
Depreciation Expense - Other,Other Expenses,Depreciation Expense - Other
Leasehold,Other Expenses,Leasehold
Kitchen/Hood,Other Expenses,Kitchen/Hood
Machinery and Equipment,Other Expenses,Machinery and Equipment
Furniture and Fixtures,Other Expenses,Furniture and Fixtures
Amortization Expense - Other,Other Expenses,Amortization Expense - Other
Fees,Other Expenses,Fees
Intangible Assets,Other Expenses,Intangible Assets
Start-Up Costs,Other Expenses,Start-Up Costs
Other Expenses - Other,Other Expenses,Other Expenses - Other
Embezzlement,Other Expenses,Embezzlement
Exchange Differences,Other Expenses,Exchange Differences
Rounding Differences,Other Expenses,Rounding Differences
TOTAL OPERATING EXPENSES,TOTAL OPERATING EXPENSES,TOTAL OPERATING EXPENSES
EBITDA,EBITDA,EBITDA
PROFIT BEFORE TAX & DEPRECIATION,PROFIT BEFORE TAX & DEPRECIATION,PROFIT BEFORE TAX & DEPRECIATION
P & L Depreciation,P & L Depreciation,P & L Depreciation
P & L Amortization,P & L Amortization,P & L Amortization
NET PROFIT/(LOSS),NET PROFIT/(LOSS),NET PROFIT/(LOSS)
Sales Revenue - Other,REVENUE,Total Sales Revenue
Food,REVENUE,Total Sales Revenue
Beverage,REVENUE,Total Sales Revenue
Wine,REVENUE,Total Sales Revenue
Others,REVENUE,Total Sales Revenue
Merchandise/Retail Income,REVENUE,Total Sales Revenue
Food - Other,COST OF GOODS SOLD,Total Food Cost
Stock Adjustment - Food,COST OF GOODS SOLD,Total Food Cost
Beverage - Other,COST OF GOODS SOLD,Total Beverage Cost
Beverage Purchases,COST OF GOODS SOLD,Total Beverage Cost
Stock Adjustment - Beverage,COST OF GOODS SOLD,Total Beverage Cost
Wine - Other,COST OF GOODS SOLD,Total Wine Cost
Wine Purchases,COST OF GOODS SOLD,Total Wine Cost
Stock Adjustment - Wine,COST OF GOODS SOLD,Total Wine Cost
Others - Other,COST OF GOODS SOLD,Total Other Cost
Other Purchases,COST OF GOODS SOLD,Total Other Cost
Stock Adjustment -Other,COST OF GOODS SOLD,Total Other Cost
Salaries & Wages - Other,STAFF COST,Total Salaries & Wages
Salary - Management,STAFF COST,Total Salaries & Wages
Salary - FOH Hourly,STAFF COST,Total Salaries & Wages
Salary - BOH Hourly,STAFF COST,Total Salaries & Wages
Salary - FOH Overtime,STAFF COST,Total Salaries & Wages
Salary - BOH Overtime,STAFF COST,Total Salaries & Wages
Salary - Paid Time Off,STAFF COST,Total Salaries & Wages
Salary - Paid Sick Days,STAFF COST,Total Salaries & Wages
Spread of Hours,STAFF COST,Total Salaries & Wages
Payroll Taxes - Other,STAFF COST,Total Payroll Taxes
Employer Taxes - Medicare,STAFF COST,Total Payroll Taxes
Employer Taxes-Social Security,STAFF COST,Total Payroll Taxes
NY Re-Employement Service Fund,STAFF COST,Total Payroll Taxes
Federal Unemployment Tax,STAFF COST,Total Payroll Taxes
State Unemployment Tax,STAFF COST,Total Payroll Taxes
Payroll Processing Fees,STAFF COST,STAFF COST
Workers Compansation,STAFF COST,STAFF COST
Other Employee Benefits,STAFF COST,STAFF COST
Staff Bonus,STAFF COST,STAFF COST
Management Bonus,STAFF COST,STAFF COST
Staff Medical Insurance,STAFF COST,STAFF COST
Transit Chek,ADMINISTRATION,ADMINISTRATION
Transit Chek Deduction,ADMINISTRATION,ADMINISTRATION
Federal Paid Medical Leave Tier,ADMINISTRATION,ADMINISTRATION
Federal Paid Med Leave Tier 2,ADMINISTRATION,ADMINISTRATION
Staff Meal Purchases,STAFF COST,Total Payroll Taxes
Cell Phone,ADMINISTRATION,ADMINISTRATION
Group Insurance,STAFF COST,STAFF COST
Staff benifit/employee cost,STAFF COST,STAFF COST
Disability Insurance,STAFF COST,STAFF COST
Rent,OCCUPANCY COST,OCCUPANCY COST
Insurance-Liability,RESTAURANT UTILITIES,RESTAURANT UTILITIES
Insurance-Other,RESTAURANT UTILITIES,RESTAURANT UTILITIES
Real Estate Taxes,OCCUPANCY COST,OCCUPANCY COST
Insurance,RESTAURANT UTILITIES,RESTAURANT UTILITIES
Cam Charges,OCCUPANCY COST,OCCUPANCY COST
Laundry / Linen,RESTAURANT UTILITIES,RESTAURANT UTILITIES
Event Expenses,RESTAURANT UTILITIES,RESTAURANT UTILITIES
Repair & Maintenance,RESTAURANT UTILITIES,RESTAURANT UTILITIES
Electricity,RESTAURANT UTILITIES,RESTAURANT UTILITIES
Gas,RESTAURANT UTILITIES,RESTAURANT UTILITIES
Water,RESTAURANT UTILITIES,RESTAURANT UTILITIES
Restaurant Essential - Other,RESTAURANT UTILITIES,Total Restaurant Essential
Bar Equipments,RESTAURANT UTILITIES,Total Restaurant Essential
Kitchen Accessories / Supply,RESTAURANT UTILITIES,Total Restaurant Essential
Glasses,RESTAURANT UTILITIES,Total Restaurant Essential
Restaurant Accessories / Supply,RESTAURANT UTILITIES,Total Restaurant Essential
Printing and Menus,RESTAURANT UTILITIES,Total Restaurant Essential
Equipment Hire & Rental,RESTAURANT UTILITIES,RESTAURANT UTILITIES
Flowers And Decorations,RESTAURANT UTILITIES,RESTAURANT UTILITIES
Uniform & Linen Replacement,RESTAURANT UTILITIES,RESTAURANT UTILITIES
Security & Guardforce,RESTAURANT UTILITIES,RESTAURANT UTILITIES
Cleaning Supplies,RESTAURANT UTILITIES,RESTAURANT UTILITIES
Telephone & Internet,RESTAURANT UTILITIES,RESTAURANT UTILITIES
Pest Control,RESTAURANT UTILITIES,RESTAURANT UTILITIES
Contract Cleaning,RESTAURANT UTILITIES,RESTAURANT UTILITIES
Advertising & Promotion,MARKETING,MARKETING
PR Fees,MARKETING,MARKETING
Event Commission,MARKETING,MARKETING
Guest Satisfaction,MARKETING,MARKETING
Musicians & Entertainment,MARKETING,MARKETING
Research & Development,MARKETING,MARKETING
Dues And Subscriptions,MARKETING,MARKETING
Reservationb Charges,MARKETING,MARKETING
Accountancy & Audit Fee,ADMINISTRATION,ADMINISTRATION
Bank Charges,ADMINISTRATION,ADMINISTRATION
Refund / Chargebacks,ADMINISTRATION,ADMINISTRATION
"Postage, Stamp & Courier",ADMINISTRATION,ADMINISTRATION
Licence & Permits,ADMINISTRATION,ADMINISTRATION
Legal & Professional Fee,ADMINISTRATION,ADMINISTRATION
IT & Computer Costs,ADMINISTRATION,ADMINISTRATION
Travel & Subsistence,ADMINISTRATION,ADMINISTRATION
Credit Card Fee,ADMINISTRATION,ADMINISTRATION
Third Party fees - Other,ADMINISTRATION,Total Third Party Fees
Stripe Fees,ADMINISTRATION,Total Third Party Fees
Doordash Fees,ADMINISTRATION,Total Third Party Fees
Grubhub Fees,ADMINISTRATION,Total Third Party Fees
Other Fees,ADMINISTRATION,ADMINISTRATION
Uber Fees,ADMINISTRATION,Total Third Party Fees
Sales Tax Expense,ADMINISTRATION,ADMINISTRATION
Use Tax on Comps,ADMINISTRATION,ADMINISTRATION
Shipment & Clearing Charges,ADMINISTRATION,ADMINISTRATION
Trash Removal Services,ADMINISTRATION,ADMINISTRATION
Valet Expense,ADMINISTRATION,ADMINISTRATION
Commercial Rent Tax,ADMINISTRATION,ADMINISTRATION
Interest Expense,OTHER EXPENSES,OTHER EXPENSES
Charitable Donations,ADMINISTRATION,ADMINISTRATION
Currency Gain Or Loss,OTHER INCOME,OTHER INCOME
Miscellaneous,ADMINISTRATION,ADMINISTRATION
Violations,ADMINISTRATION,ADMINISTRATION
Staff Recruitment Fees,ADMINISTRATION,ADMINISTRATION
Cash Over/Short,ADMINISTRATION,ADMINISTRATION
Penalty And Fine,ADMINISTRATION,ADMINISTRATION
Bad Debts,ADMINISTRATION,ADMINISTRATION
Depreciation - Land & Building,OTHER EXPENSES,OTHER EXPENSES
Depreciation - Furniture & Fixt,OTHER EXPENSES,OTHER EXPENSES
Depreciation - Tools & Equipmen,OTHER EXPENSES,OTHER EXPENSES
Depreciation - Leasehold Improv,OTHER EXPENSES,OTHER EXPENSES
Assets/Liabilities Written Off,OTHER EXPENSES,OTHER EXPENSES
Other Income - Other,REVENUE,Total Other Income
Exceptional Item,REVENUE,Total Other Income
Officers Salaries,REVENUE,Total Other Income
Other Corporate Expenses,REVENUE,Total Other Income
Group License Fees,REVENUE,Total Other Income
Group Management Charges,REVENUE,Total Other Income
Group Recharges,REVENUE,Total Other Income
Foreign Exchange Gain/Loss,OTHER EXPENSES,OTHER EXPENSES
Corporate Overhead,REVENUE,Total Other Income
Ask My Account (Suspense A/C),OTHER EXPENSES,OTHER EXPENSES
Wages - 1099,ADMINISTRATION,ADMINISTRATION
Tangible Property Tax,OTHER EXPENSES,OTHER EXPENSES
Uncategorized Expenses,ADMINISTRATION,ADMINISTRATION
Federal Income Taxes,ADMINISTRATION,ADMINISTRATION
State Income Taxes,ADMINISTRATION,ADMINISTRATION
Other Income Taxes,ADMINISTRATION,ADMINISTRATION
Interest Income,OTHER INCOME,OTHER INCOME
GROSS PROFIT,GROSS PROFIT,GROSS PROFIT
Budgeted Revenue,REVENUE,REVENUE
Gross Profit - Liquor,Gross Profit - Liquor,Gross Profit - Liquor
Gross Profit - Beer,Gross Profit - Beer,Gross Profit - Beer
Gross Profit - Retails,Gross Profit - Retails,Gross Profit - Retails
Gross Profit - Other Bev,Gross Profit - Other Bev,Gross Profit - Other Bev
Budgeted Gross Profit,Budgeted Gross Profit,Budgeted Gross Profit
GROSS PROFIT,GROSS PROFIT,GROSS PROFIT
Budgeted COGS,COST OF GOODS SOLD,TOTAL COST OF GOODS SOLD
TOTAL OPERATING EXPENSES,TOTAL OPERATING EXPENSES,TOTAL OPERATING EXPENSES
EBITDA,EBITDA,EBITDA
Budgeted FOH Cost,STAFF COST,Total FOH Salaries
Revenue - Food,REVENUE,REVENUE
Revenue - Wines,REVENUE,REVENUE
Revenue - Liquor,REVENUE,REVENUE
Revenue - Beer,REVENUE,REVENUE
Revenue - Other Beverages,REVENUE,REVENUE
Revenue - Retails,REVENUE,REVENUE
Revenue - Comps,REVENUE,REVENUE
Revenue - Others,REVENUE,REVENUE
PROFIT BEFORE TAX & DEPRECIATION,PROFIT BEFORE TAX & DEPRECIATION,PROFIT BEFORE TAX & DEPRECIATION
P & L Depreciation,P & L Depreciation & Amortization,P & L Depreciation
P & L Amortization,P & L Depreciation & Amortization,P & L Amortization
NET PROFIT/(LOSS),NET PROFIT/(LOSS),NET PROFIT/(LOSS)
Budgeted BOH Cost,STAFF COST,BOH SALARIES
Cost of Sales - Food,COST OF GOODS SOLD,TOTAL COST OF GOODS SOLD
Cost of Sales - Food,COST OF GOODS SOLD,TOTAL COST OF GOODS SOLD
Cost of Sales - Food,COST OF GOODS SOLD,TOTAL COST OF GOODS SOLD
Cost of Sales - Food,COST OF GOODS SOLD,TOTAL COST OF GOODS SOLD
Cost of Sales - Food,COST OF GOODS SOLD,TOTAL COST OF GOODS SOLD
Cost of Sales - Food,COST OF GOODS SOLD,TOTAL COST OF GOODS SOLD
Cost of Sales - Food,COST OF GOODS SOLD,TOTAL COST OF GOODS SOLD
Cost of Sales - Food,COST OF GOODS SOLD,TOTAL COST OF GOODS SOLD
Cost of Sales - Food,COST OF GOODS SOLD,TOTAL COST OF GOODS SOLD
Cost of Sales - Food,COST OF GOODS SOLD,TOTAL COST OF GOODS SOLD
Cost of Sales - Food,COST OF GOODS SOLD,TOTAL COST OF GOODS SOLD
Cost of Sales - Wines,COST OF GOODS SOLD,TOTAL COST OF GOODS SOLD
Cost of Sales - Wines,COST OF GOODS SOLD,TOTAL COST OF GOODS SOLD
Cost of Sales - Wines,COST OF GOODS SOLD,TOTAL COST OF GOODS SOLD
Cost of Sales - Liquor,COST OF GOODS SOLD,TOTAL COST OF GOODS SOLD
Cost of Sales - Liquor,COST OF GOODS SOLD,TOTAL COST OF GOODS SOLD
Cost of Sales - Liquor,COST OF GOODS SOLD,TOTAL COST OF GOODS SOLD
Cost of Sales - Beer,COST OF GOODS SOLD,TOTAL COST OF GOODS SOLD
Cost of Sales - Beer,COST OF GOODS SOLD,TOTAL COST OF GOODS SOLD
Cost of Sales - Beer,COST OF GOODS SOLD,TOTAL COST OF GOODS SOLD
Cost of Sales - Other Bev,COST OF GOODS SOLD,TOTAL COST OF GOODS SOLD
Cost of Sales - Other Bev,COST OF GOODS SOLD,TOTAL COST OF GOODS SOLD
Cost of Sales - Other Bev,COST OF GOODS SOLD,TOTAL COST OF GOODS SOLD
Cost of Sales - Retails,COST OF GOODS SOLD,TOTAL COST OF GOODS SOLD
Total Beverages,Total Beverages,Total Beverages
PPP Payroll Taxes,STAFF COST,PPP Payroll Taxes
PPP Payroll,STAFF COST,PPP Payroll
FOH,STAFF COST,Total FOH Salaries
Management,STAFF COST,Total FOH Salaries
Admin,STAFF COST,Total FOH Salaries
Wages Bonus ,STAFF COST,Total FOH Salaries
Waiter,STAFF COST,Total FOH Salaries
Busboy,STAFF COST,Total FOH Salaries
Runner,STAFF COST,Total FOH Salaries
Bar,STAFF COST,Total FOH Salaries
Cashier,STAFF COST,Total FOH Salaries
Hostess,STAFF COST,Total FOH Salaries
Wages F.O.H. Overtime,STAFF COST,Total FOH Salaries
BOH,STAFF COST,BOH SALARIES
Bonus BOH,STAFF COST,BOH SALARIES
Kitchen,STAFF COST,BOH SALARIES
Porter,STAFF COST,BOH SALARIES
Kitchen - Jacob Mark,STAFF COST,BOH SALARIES
Polisher,STAFF COST,BOH SALARIES
Wages B.O.H. Overtime,STAFF COST,BOH SALARIES
Employer Taxes,STAFF COST,Employer Taxes
Employer Taxes,STAFF COST,Employer Taxes
Employer Taxes,STAFF COST,Employer Taxes
Employer Taxes,STAFF COST,Employer Taxes
Employer Taxes,STAFF COST,Employer Taxes
Wages - 1099,STAFF COST,Wages - 1099
Worker's Compensation Insurance,OTHER STAFF COST,TOTAL OTHER STAFF COST
Staff Recruitment,OTHER STAFF COST,TOTAL OTHER STAFF COST
Staff Training,OTHER STAFF COST,TOTAL OTHER STAFF COST
Staff Uniforms,OTHER STAFF COST,TOTAL OTHER STAFF COST
Staff Meals,OTHER STAFF COST,TOTAL OTHER STAFF COST
Staff Welfare,OTHER STAFF COST,TOTAL OTHER STAFF COST
Staff Accommodation/Relocation,OTHER STAFF COST,TOTAL OTHER STAFF COST
Staff First Aid,OTHER STAFF COST,TOTAL OTHER STAFF COST
Staff Insurance,OTHER STAFF COST,TOTAL OTHER STAFF COST
Marketing / Advertising,SALES & MARKETING,TOTAL SALES & MARKETING
Public Relations,SALES & MARKETING,TOTAL SALES & MARKETING
Promotional Cost,SALES & MARKETING,TOTAL SALES & MARKETING
Branding & Design,SALES & MARKETING,TOTAL SALES & MARKETING
Event Expenses,SALES & MARKETING,TOTAL SALES & MARKETING
Commission Expense,SALES & MARKETING,TOTAL SALES & MARKETING
Discount,SALES & MARKETING,TOTAL SALES & MARKETING
Subscriptions,SALES & MARKETING,TOTAL SALES & MARKETING
Photography expense,SALES & MARKETING,TOTAL SALES & MARKETING
Complimentary Cost,SALES & MARKETING,TOTAL SALES & MARKETING
Commission - UberEats,SALES & MARKETING,TOTAL SALES & MARKETING
Airfare,TRAVEL & ENTERTAINMENT,TOTAL TRAVEL & ENTERTAINMENT
Meals & Entertainment,TRAVEL & ENTERTAINMENT,TOTAL TRAVEL & ENTERTAINMENT
Lodging,TRAVEL & ENTERTAINMENT,TOTAL TRAVEL & ENTERTAINMENT
Taxi Charges & Local Travel,TRAVEL & ENTERTAINMENT,TOTAL TRAVEL & ENTERTAINMENT
Auto Expense,TRAVEL & ENTERTAINMENT,TOTAL TRAVEL & ENTERTAINMENT
Web Design & Maintenance,COMMUNICATION,TOTAL COMMUNICATION
Clearing & Freight Charges,SUPPLIES & MAINTENANCE,TOTAL SUPPLIES & MAINTENANCE
Telephone,COMMUNICATION,TOTAL COMMUNICATION
Internet/Email,COMMUNICATION,TOTAL COMMUNICATION
Sales Adjustments,Other Expense,Total Other Expense
Under/Over,Other Expense,Total Other Expense
Linen & Laundry,SUPPLIES & MAINTENANCE,TOTAL SUPPLIES & MAINTENANCE
Cleaning Supplies,SUPPLIES & MAINTENANCE,TOTAL SUPPLIES & MAINTENANCE
Cleaning Contract Services,SUPPLIES & MAINTENANCE,TOTAL SUPPLIES & MAINTENANCE
Cleaning Supplies,SUPPLIES & MAINTENANCE,TOTAL SUPPLIES & MAINTENANCE
Cleaning Supplies,SUPPLIES & MAINTENANCE,TOTAL SUPPLIES & MAINTENANCE
BOH Supplies & Accessories,SUPPLIES & MAINTENANCE,TOTAL SUPPLIES & MAINTENANCE
FOH Supplies & Accessories,SUPPLIES & MAINTENANCE,TOTAL SUPPLIES & MAINTENANCE
Paper Supplies,SUPPLIES & MAINTENANCE,TOTAL SUPPLIES & MAINTENANCE
Packaging Supplies,SUPPLIES & MAINTENANCE,TOTAL SUPPLIES & MAINTENANCE
Chinaware,SUPPLIES & MAINTENANCE,TOTAL SUPPLIES & MAINTENANCE
Flatware,SUPPLIES & MAINTENANCE,TOTAL SUPPLIES & MAINTENANCE
Glassware,SUPPLIES & MAINTENANCE,TOTAL SUPPLIES & MAINTENANCE
Barware,SUPPLIES & MAINTENANCE,TOTAL SUPPLIES & MAINTENANCE
Music,SUPPLIES & MAINTENANCE,TOTAL SUPPLIES & MAINTENANCE
"Landscape, Candles & Decor Cost",SUPPLIES & MAINTENANCE,TOTAL SUPPLIES & MAINTENANCE
Office Supplies/Stationery,SUPPLIES & MAINTENANCE,TOTAL SUPPLIES & MAINTENANCE
Menus,SUPPLIES & MAINTENANCE,TOTAL SUPPLIES & MAINTENANCE
IT Cost,SUPPLIES & MAINTENANCE,TOTAL SUPPLIES & MAINTENANCE
Equipment Rental,SUPPLIES & MAINTENANCE,TOTAL SUPPLIES & MAINTENANCE
Repairs - Building,SUPPLIES & MAINTENANCE,TOTAL SUPPLIES & MAINTENANCE
Repairs - Equipment,SUPPLIES & MAINTENANCE,TOTAL SUPPLIES & MAINTENANCE
Repairs - General,SUPPLIES & MAINTENANCE,TOTAL SUPPLIES & MAINTENANCE
Postage & Courier,SUPPLIES & MAINTENANCE,TOTAL SUPPLIES & MAINTENANCE
Flowers Cost,SUPPLIES & MAINTENANCE,TOTAL SUPPLIES & MAINTENANCE
Tip Expense,SUPPLIES & MAINTENANCE,TOTAL SUPPLIES & MAINTENANCE
Computer Expense,SUPPLIES & MAINTENANCE,TOTAL SUPPLIES & MAINTENANCE
Cleaning Supplies,SUPPLIES & MAINTENANCE,TOTAL SUPPLIES & MAINTENANCE
Legal Fees,PROFESSIONAL FEES,TOTAL PROFESSIONAL FEES
Audit Fees,PROFESSIONAL FEES,TOTAL PROFESSIONAL FEES
Tax Fees,PROFESSIONAL FEES,TOTAL PROFESSIONAL FEES
Professional Fee,PROFESSIONAL FEES,TOTAL PROFESSIONAL FEES
Accounting Fees,PROFESSIONAL FEES,TOTAL PROFESSIONAL FEES
Consulting Fees,PROFESSIONAL FEES,TOTAL PROFESSIONAL FEES
Management Fees,PROFESSIONAL FEES,TOTAL PROFESSIONAL FEES
Payroll Processing Charges,FINANCIAL COSTS,TOTAL FINANCIAL COSTS
Credit Card Charges,FINANCIAL COSTS,TOTAL FINANCIAL COSTS
Bank Charges,FINANCIAL COSTS,TOTAL FINANCIAL COSTS
Donations,FINANCIAL COSTS,TOTAL FINANCIAL COSTS
Royalties,FINANCIAL COSTS,TOTAL FINANCIAL COSTS
Tangible Property Taxes,OCCUPANCY,TOTAL OCCUPANCY
Penalties,FINANCIAL COSTS,TOTAL FINANCIAL COSTS
"Licenses, Permits & Filing Fees",FINANCIAL COSTS,TOTAL FINANCIAL COSTS
Sales & Use Tax,FINANCIAL COSTS,TOTAL FINANCIAL COSTS
License fee to Tutto Holding,FINANCIAL COSTS,TOTAL FINANCIAL COSTS
Insurance Expense,FINANCIAL COSTS,TOTAL FINANCIAL COSTS
Insurance Expense,FINANCIAL COSTS,TOTAL FINANCIAL COSTS
Insurance Expense,FINANCIAL COSTS,TOTAL FINANCIAL COSTS
Rent,OCCUPANCY,TOTAL OCCUPANCY
Real Estate Escalation Tax,OCCUPANCY,TOTAL OCCUPANCY
Commercial Rent Tax,OCCUPANCY,TOTAL OCCUPANCY
Electricity,OCCUPANCY,TOTAL OCCUPANCY
Gas,OCCUPANCY,TOTAL OCCUPANCY
Water,OCCUPANCY,TOTAL OCCUPANCY
Storage Rent,OCCUPANCY,TOTAL OCCUPANCY
Security & Alarm,OCCUPANCY,TOTAL OCCUPANCY
CAM Charges,OCCUPANCY,TOTAL OCCUPANCY
Storage Rent,OCCUPANCY,TOTAL OCCUPANCY
Uncategorized Expense,Other Expense,Total Other Expense
Sales Adjustments,Other Expense,Total Other Expense
Gross Profit - Food,Gross Profit - Food,Gross Profit - Food
Other Income,Other Income,Total Other Income
Other Income,Other Income,Total Other Income
Gross Profit - Wines,Gross Profit - Wines,Gross Profit - Wines
Interest Paid on Loans,Other Expense,Total Other Expense
Other Expense,Other Expense,Total Other Expense
Depreciation Expense,Other Income,Total Other Income
Amortization Expense,Other Expense,Total Other Expense
Rounding Differences,Other Expense,Total Other Expense
Adjustment-2025,Other Expense,Total Other Expense
Landlord Maintenance cost,Other Expense,Total Other Expense
Ask My Accountant,SUPPLIES & MAINTENANCE,TOTAL SUPPLIES & MAINTENANCE
For Column Width,Dummy,Dummy
Total Cost of Sales - Food,COST OF GOODS SOLD,Total Cost of Sales - Food
Total Cost of Sales - Beverage,COST OF GOODS SOLD,Total Cost of Sales - Beverage
TOTAL COST OF GOODS SOLD - F&B,COST OF GOODS SOLD,TOTAL COST OF GOODS SOLD - F&B
GROSS PROFIT,GROSS PROFIT,GROSS PROFIT
Revenue In House - Other,REVENUE,Total Revenue In House
Revenue In House Food,REVENUE,Total Revenue In House
Revenue In House Soda BIB,REVENUE,Total Revenue In House
Revenue in House Soda Can,REVENUE,Total Revenue In House
Revenue In House Beer,REVENUE,Total Revenue In House
Revenue In House Ice Tea,REVENUE,Total Revenue In House
Revenue In House Wine,REVENUE,Total Revenue In House
Revenue In House Water,REVENUE,Total Revenue In House
Revenue in House Juice,REVENUE,Total Revenue In House
Revenue Delivery - Other,REVENUE,Total Revenue Delivery
Revenue Delivery Food,REVENUE,Total Revenue Delivery
Revenue Delivery Soda BIB,REVENUE,Total Revenue Delivery
Revenue Delivery Soda Can,REVENUE,Total Revenue Delivery
Revenue Delivery Beer,REVENUE,Total Revenue Delivery
Revenue Delivery Ice Tea,REVENUE,Total Revenue Delivery
Revenue Delivery Wine,REVENUE,Total Revenue Delivery
Revenue Delivery Water,REVENUE,Total Revenue Delivery
Revenue Delivery Juice,REVENUE,Total Revenue Delivery
Revenue - Retail,REVENUE,Revenue - Retail
Revenue - Delivery fee,REVENUE,Revenue - Delivery fee
Comps & Promos - Other,REVENUE,Total Comps & Promos
Comps & Promos (In House),REVENUE,Total Comps & Promos
Comps & Promos (Delivery),REVENUE,Total Comps & Promos
Sales Adjustment,REVENUE,TOTAL Sales Adjustment
Management Fees Income,OTHER INCOME,Management Fees Income
Food - Other,COST OF GOODS SOLD,Total Cost of Sales Food
Food Purchases,COST OF GOODS SOLD,Total Cost of Sales Food
Food - Stock Adjustment,COST OF GOODS SOLD,Total Cost of Sales Food
Bakery - Other,COST OF GOODS SOLD,Total Cost of Sales Bakery
Bakery Purchases,COST OF GOODS SOLD,Total Cost of Sales Bakery
Bakery - Stock Adjustment,COST OF GOODS SOLD,Total Cost of Sales Bakery
Dairy - Other,COST OF GOODS SOLD,Total Cost of Sales Dairy
Dairy Purchases,COST OF GOODS SOLD,Total Cost of Sales Dairy
Dairy - Stock Adjustment,COST OF GOODS SOLD,Total Cost of Sales Dairy
Meat - Other,COST OF GOODS SOLD,Total Cost of Sales Meat
Meat Purchases,COST OF GOODS SOLD,Total Cost of Sales Meat
Meat - Stock Adjustment,COST OF GOODS SOLD,Total Cost of Sales Meat
Mozzarella - Other,COST OF GOODS SOLD,Total Cost of Sales Mozzarella
Mozzarella Purchases,COST OF GOODS SOLD,Total Cost of Sales Mozzarella
Mozzarella - Stock Adjustment,COST OF GOODS SOLD,Total Cost of Sales Mozzarella
Produce - Other,COST OF GOODS SOLD,Total Cost of Sales Produce
Produce Purchases,COST OF GOODS SOLD,Total Cost of Sales Produce
Produce - Stock Adjustment,COST OF GOODS SOLD,Total Cost of Sales Produce
Seafood - Other,COST OF GOODS SOLD,Total Cost of Sales Seafood
Seafood Purchases,COST OF GOODS SOLD,Total Cost of Sales Seafood
Seafood - Stock Adjustment,COST OF GOODS SOLD,Total Cost of Sales Seafood
Oils - Other,COST OF GOODS SOLD,Total Cost of Sales Oils
Oils Purchases,COST OF GOODS SOLD,Total Cost of Sales Oils
Oils - Stock Adjustment,COST OF GOODS SOLD,Total Cost of Sales Oils
Sauces - Other,COST OF GOODS SOLD,Total Cost of Sales Sauces
Sauces Purchases,COST OF GOODS SOLD,Total Cost of Sales Sauces
Sauces - Stock Adjustment,COST OF GOODS SOLD,Total Cost of Sales Sauces
Cost of Sales - Food - Other,COST OF GOODS SOLD,Cost of Sales - Food - Other
Cost of Sales - Wine - Other,COST OF GOODS SOLD,Total Cost of Sales Wine
Wine Purchases,COST OF GOODS SOLD,Total Cost of Sales Wine
Wine - Stock Adjustment,COST OF GOODS SOLD,Total Cost of Sales Wine
Cost of Goods Sold - Beverage - Other,COST OF GOODS SOLD,Cost of Goods Sold - Beverage - Other
Cost of Sales - Beer - Other,COST OF GOODS SOLD,Total Cost of Sales Beer
Beer Purchases,COST OF GOODS SOLD,Total Cost of Sales Beer
Cost of Sales - Ice Tea - Other,COST OF GOODS SOLD,Total Cost of Sales Tea
Ice Tea Purchases,COST OF GOODS SOLD,Total Cost of Sales Tea
Ice Tea - Stock Adjustment,COST OF GOODS SOLD,Total Cost of Sales Tea
Cost of Sales - Soda - BIB - Other,COST OF GOODS SOLD,Total Cost of Sales Soda BIB
Soda - BIB Purchases,COST OF GOODS SOLD,Total Cost of Sales Soda BIB
Soda - BIB - Stock Adjustment,COST OF GOODS SOLD,Total Cost of Sales Soda BIB
Cost of Sales - Soda - Cans - Other,COST OF GOODS SOLD,Total Cost of Sales Soda Cans
Soda - Cans Purchases,COST OF GOODS SOLD,Total Cost of Sales Soda Cans
Soda - Cans - Stock Adjustment,COST OF GOODS SOLD,Total Cost of Sales Soda Cans
Cost of Sales - Juice - Other,COST OF GOODS SOLD,Total Cost of Sales Juice
Juice Purchases,COST OF GOODS SOLD,Total Cost of Sales Juice
Juice - Stock Adjustment,COST OF GOODS SOLD,Total Cost of Sales Juice
Cost of Sales - Water - Other,COST OF GOODS SOLD,Total Cost of Sales Water
Water Purchases,COST OF GOODS SOLD,Total Cost of Sales Water
Water - Stock Adjustment,COST OF GOODS SOLD,Total Cost of Sales Water
Cost of Sales - Events - Other,COST OF GOODS SOLD,Total Cost of Sales Events
Event Items purchase,COST OF GOODS SOLD,Total Cost of Sales Events
Cost of Sales - Retails - Other,COST OF GOODS SOLD,Total Cost of Sales - Retails
Retail Purchases,COST OF GOODS SOLD,Total Cost of Sales - Retails
Retail - Stock Adjustment,COST OF GOODS SOLD,Total Cost of Sales - Retails
Use Tax on Comps,G&A,Use Tax on Comps
Labour - Other,STAFF COST,Total Labour - Other
Wages - Other,STAFF COST,Wages - Other
Employment Benefits - Other,STAFF COST,Total Employment Benefits
Wages - F.O.H. Wages - Other,STAFF COST,Total Wages - F.O.H. Wages
Wages - B.O.H. Wages - Other,STAFF COST,Total Wages -B.O.H. Wages
Wages - F.O.H. Management,STAFF COST,Wages - F.O.H. Management
Wages - B.O.H. Management,STAFF COST,Wages - B.O.H. Management
Wages - Agency,STAFF COST,Wages - Agency
Wages - 1099,STAFF COST,Wages - 1099
Cash - Wages,STAFF COST,Cash - Wages
Consulting Fee,STAFF COST,Consulting Fee
Executive Fees,STAFF COST,Executive Fees
Catering & Admin,STAFF COST,Catering & Admin
Assistant Manager,STAFF COST,Total Wages - F.O.H. Wages
Total Wages,STAFF COST,Total Wages
Counter,STAFF COST,Total Wages - F.O.H. Wages
Delivery,STAFF COST,Total Wages -B.O.H. Wages
General Manager,STAFF COST,Total Wages - F.O.H. Wages
Shift Leader,STAFF COST,Total Wages - F.O.H. Wages
Pizza,STAFF COST,Total Wages -B.O.H. Wages
Oven,STAFF COST,Total Wages -B.O.H. Wages
TOTAL PRIME COST,TOTAL PRIME COST,TOTAL PRIME COST
Prep,STAFF COST,Total Wages -B.O.H. Wages
Operations,STAFF COST,Total Wages - F.O.H. Wages
Payroll Expense,STAFF COST,Payroll Expense
Dishwasher/Porter,STAFF COST,Total Wages -B.O.H. Wages
Catering/Social Media,OTHER EXPENSES,Catering/Social Media
Human Resource,STAFF COST,Total Wages - F.O.H. Wages
Server,STAFF COST,Total Wages - F.O.H. Wages
TOTAL OPERATING EXPENSE,TOTAL OPERATING EXPENSE,TOTAL OPERATING EXPENSE
Supervisor,STAFF COST,Total Wages - F.O.H. Wages
TOTAL STORE LEVEL EXPENSE,TOTAL STORE LEVEL EXPENSE,TOTAL STORE LEVEL EXPENSE
TOTAL STORE LEVEL PROFIT,TOTAL STORE LEVEL PROFIT,TOTAL STORE LEVEL PROFIT
TOTAL OPERATING EXPENSES,TOTAL OPERATING EXPENSES,TOTAL OPERATING EXPENSES
Employer Taxes - Other,STAFF COST,Total Wages Employer Taxes
Federal FUTA,STAFF COST,Total Wages Employer Taxes
Medicare & Social Security,STAFF COST,Total Wages Employer Taxes
Ny Re-employment,STAFF COST,Total Wages Employer Taxes
Ny MTAI,STAFF COST,Total Wages Employer Taxes
State SUI,STAFF COST,Total Wages Employer Taxes
OASDI,STAFF COST,Total Wages Employer Taxes
ERTC,STAFF COST,Total Wages Employer Taxes
Staff Workman's Comp,STAFF COST,Total Employment Benefits
Staff Insurance - Other,STAFF COST,Total Staff Insurance
Medical,STAFF COST,Total Staff Insurance
Dental,STAFF COST,Total Staff Insurance
Vision,STAFF COST,Total Staff Insurance
Disability,STAFF COST,Total Staff Insurance
PFL Insurance,STAFF COST,Total Staff Insurance
Staff Recruitment,STAFF COST,Total Employment Benefits
Staff Training,STAFF COST,Total Employment Benefits
Staff Uniforms,STAFF COST,Total Employment Benefits
Staff Meals,STAFF COST,Total Employment Benefits
Executive Benefits,STAFF COST,Total Employment Benefits
Staff Accommodation/Relocation,STAFF COST,Total Employment Benefits
Staff First Aid,STAFF COST,Total Employment Benefits
Training,STAFF COST,Total Employment Benefits
Paid Time Off,STAFF COST,Total Employment Benefits
Bonus,STAFF COST,Total Employment Benefits
Vacation,STAFF COST,Total Employment Benefits
G&A - Other,G&A,G&A - Other
Advertising,CONTROLLABLES,Advertising
Public Relations,CONTROLLABLES,Public Relations
Marketing - Other,CONTROLLABLES,TOTAL MARKETING COST
Web,CONTROLLABLES,TOTAL MARKETING COST
SEO,CONTROLLABLES,TOTAL MARKETING COST
Social Media,CONTROLLABLES,TOTAL MARKETING COST
Web Design & Maintenance,CONTROLLABLES,TOTAL MARKETING COST
Branding & Design,OTHER EXPENSES,Branding & Design
R & D,OTHER EXPENSES,R & D
Event Expenses,CONTROLLABLES,Event Expenses
Delivery Commission - Other,G&A,Total Delivery Commission Fees
Grubhub Commission,G&A,Total Delivery Commission Fees
Chownow Commission,G&A,Total Delivery Commission Fees
Ezcater Commission,G&A,Total Delivery Commission Fees
CaterCow Commission,G&A,Total Delivery Commission Fees
Slice Commission,G&A,Total Delivery Commission Fees
UberEats Commission,G&A,Total Delivery Commission Fees
Doordash Commission,G&A,Total Delivery Commission Fees
Too Good To Go Commission,G&A,Total Delivery Commission Fees
Sharebite Commission,G&A,Total Delivery Commission Fees
Subscriptions,G&A,Subscriptions
Photography expense,OTHER EXPENSES,Photography expense
Complimentary Cost,G&A,Complimentary Cost
Airfare,CONTROLLABLES,Airfare
Entertainment Meals,CONTROLLABLES,Entertainment Meals
Lodging,CONTROLLABLES,Lodging
Shipping and Freight,CONTROLLABLES,Shipping and Freight
Transportation,CONTROLLABLES,Transportation
Delivery Service Fees,G&A,Delivery Service Fees
Telecommunications - Other,CONTROLLABLES,Total Telecommunication Cost
Telephone,CONTROLLABLES,Total Telecommunication Cost
Postage & Courier,G&A,Postage & Courier
Internet,CONTROLLABLES,Total Telecommunication Cost
Cable (TV),CONTROLLABLES,Total Telecommunication Cost
Controllables - Other,CONTROLLABLES,Controllables - Other
Linen & Laundry,CONTROLLABLES,Linen & Laundry
Cleaning Supplies,CONTROLLABLES,Cleaning Supplies
Cleaning Contract Services,CONTROLLABLES,Cleaning Contract Services
Pest Control,G&A,Pest Control
Waste Removal Service,G&A,Waste Removal Service
FIre contract service,G&A,FIre contract service
Kitchen Supplies,CONTROLLABLES,Kitchen Supplies
FOH Supplies,CONTROLLABLES,FOH Supplies
Total Cost of Sales - Paper Supplies,COST OF GOODS SOLD,Total Cost of Sales - Paper Supplies
Total Cost of Sales - Pizza Boxes,COST OF GOODS SOLD,Total Cost of Sales - Pizza Boxes
Smallwares,CONTROLLABLES,Smallwares
Plasticware,CONTROLLABLES,Plasticware
Glassware,CONTROLLABLES,Glassware
Barware,CONTROLLABLES,Barware
Music,G&A,Music
Décor,CONTROLLABLES,Décor
Office Supplies/Stationery,CONTROLLABLES,Office Supplies/Stationery
Menus,CONTROLLABLES,Menus
Printing and Reproduction,CONTROLLABLES,Printing and Reproduction
IT,OTHER EXPENSES,IT
Equipment Rental,CONTROLLABLES,Equipment Rental
Contributions,OTHER OPERATING EXPENSES,OTHER OPERATING EXPENSES
Repairs - Building,CONTROLLABLES,Repairs - Building
Repairs - Equipment,CONTROLLABLES,Repairs - Equipment
Repairs - General,CONTROLLABLES,Repairs - General
Repairs - Electrical,CONTROLLABLES,Repairs - Electrical
Repairs - Plumbing,CONTROLLABLES,Repairs - Plumbing
Repairs - Refrigeration,CONTROLLABLES,Repairs - Refrigeration
Occupancy - Other,OCCUPANCY COST,Occupancy - Other
Legal Fees,G&A,Legal Fees
Audit Fees,OTHER OPERATING EXPENSES,OTHER OPERATING EXPENSES
Tax Fees,G&A,Tax Fees
Professional Fees,OTHER EXPENSES,Professional Fees
Accountancy Fees,G&A,Accountancy Fees
Consulting Fees,G&A,Consulting Fees
Payroll Processing Fees,G&A,Payroll Processing Fees
Credit Card Fees,G&A,Credit Card Fees
Credit Card Charges - Fania,G&A,Credit Card Charges - Fania
Credit Card Charges - Chris,G&A,Credit Card Charges - Chris
Credit Card Charges - Phil,G&A,Credit Card Charges - Phil
Chargeback (Toast),G&A,Chargeback (Toast)
Bank Charges,G&A,Bank Charges
Donations,OTHER OPERATING EXPENSES,OTHER OPERATING EXPENSES
Royalties,OTHER OPERATING EXPENSES,OTHER OPERATING EXPENSES
Corporation Tax,OTHER EXPENSES,Corporation Tax
Tangible Property Taxes,OTHER OPERATING EXPENSES,OTHER OPERATING EXPENSES
Penalties,OTHER EXPENSES,Penalties
Interest on Tax/Penalties,G&A,Interest on Tax/Penalties
Licenses and Permits,G&A,Licenses and Permits
Payroll Admin,STAFF COST,Payroll Admin
R&M Manager,STAFF COST,R&M Manager
District Manager,STAFF COST,District Manager
Rent,OCCUPANCY COST,Rent
Real Estate Escalation Tax,OCCUPANCY COST,Real Estate Escalation Tax
Commercial Rent Tax,OTHER OPERATING EXPENSES,OTHER OPERATING EXPENSES
Electricity,OCCUPANCY COST,Electricity
Gas,OCCUPANCY COST,Gas
Water,OCCUPANCY COST,Water
Insurance,G&A,Insurance
Security Services,G&A,Security Services
CAM Charges,OTHER OPERATING EXPENSES,OTHER OPERATING EXPENSES
EBITDA,EBITDA,EBITDA
P & L Amortization - Other,P & L Amortization,TOTAL P & L Amortization
Fees,P & L Amortization,TOTAL P & L Amortization
Interest Income,OTHER INCOME,Interest Income
Bank Interest,OTHER INCOME,Bank Interest
Other Income,OTHER INCOME,Other Income
Other Income,OTHER INCOME,Other Income
PROFIT BEFORE TAX & DEPRECIATION,PROFIT BEFORE TAX & DEPRECIATION,PROFIT BEFORE TAX & DEPRECIATION
Ask My Accountant,OTHER EXPENSES,Ask My Accountant
P & L Depreciation,P & L Depreciation & Amortization,P & L Depreciation
P & L Amortization,P & L Depreciation & Amortization,P & L Amortization
Over/Under,OTHER EXPENSES,Total Other Expense
Management Fees,OTHER EXPENSES,Total Other Expense
Storage Rent,OCCUPANCY COST,Storage Rent
Prior Period Items,OTHER EXPENSES,Prior Period Items
NET PROFIT/(LOSS),NET PROFIT/(LOSS),NET PROFIT/(LOSS)
Gross Profit - Retails,GROSS PROFIT,GROSS PROFIT
Cost Of sales - Beverages,COST OF GOODS SOLD,COST OF GOODS SOLD
TOTAL OPERATING EXPENSES,TOTAL OPERATING EXPENSES,TOTAL OPERATING EXPENSES
EBITDA,EBITDA,EBITDA
PROFIT BEFORE TAX & DEPRECIATION,PROFIT BEFORE TAX & DEPRECIATION,PROFIT BEFORE TAX & DEPRECIATION
NET PROFIT/(LOSS),NET PROFIT/(LOSS),NET PROFIT/(LOSS)
Revenue - Food,REVENUE,REVENUE
Revenue - Tea/Coffee,REVENUE,REVENUE
Revenue - Wines,REVENUE,REVENUE
Revenue - Liquor,REVENUE,REVENUE
Revenue - Beer,REVENUE,REVENUE
Revenue - Other Beverages,REVENUE,REVENUE
Revenue - Retails,REVENUE,REVENUE
Revenue - Comps,REVENUE,REVENUE
Revenue - 3rd party Diff,REVENUE,REVENUE
Gross Profit - Food,GROSS PROFIT,GROSS PROFIT
Cost of Sales - Food,COST OF GOODS SOLD,COST OF GOODS SOLD
Cost of Sales - Food,COST OF GOODS SOLD,COST OF GOODS SOLD
Cost of Sales - Tea/Coffee,COST OF GOODS SOLD,COST OF GOODS SOLD
Cost of Sales - Wine,COST OF GOODS SOLD,COST OF GOODS SOLD
Cost of Sales - Wine,COST OF GOODS SOLD,COST OF GOODS SOLD
Cost of Sales - Wine,COST OF GOODS SOLD,COST OF GOODS SOLD
Cost of Sales - Liquor,COST OF GOODS SOLD,COST OF GOODS SOLD
Cost of Sales - Liquor,COST OF GOODS SOLD,COST OF GOODS SOLD
Cost of Sales - Liquor,COST OF GOODS SOLD,COST OF GOODS SOLD
Cost of Sales - Beer,COST OF GOODS SOLD,COST OF GOODS SOLD
Cost of Sales - Beer,COST OF GOODS SOLD,COST OF GOODS SOLD
Cost of Sales - Beer,COST OF GOODS SOLD,COST OF GOODS SOLD
Cost of Sales - Other Bev,COST OF GOODS SOLD,COST OF GOODS SOLD
Cost of Sales - Other Bev,COST OF GOODS SOLD,COST OF GOODS SOLD
Cost of Sales - Retails,COST OF GOODS SOLD,COST OF GOODS SOLD
Gross Profit - Tea/Coffee,GROSS PROFIT,GROSS PROFIT
Gross Profit - Wine,GROSS PROFIT,GROSS PROFIT
Labor Cost - Other,STAFF COST,TOTAL STAFF COST
Wage Cost - Other,STAFF COST,TOTAL STAFF COST
PPP Payroll Expense,STAFF COST,TOTAL STAFF COST
FOH,STAFF COST,TOTAL STAFF COST
FOH,STAFF COST,TOTAL STAFF COST
FOH,STAFF COST,TOTAL STAFF COST
FOH,STAFF COST,TOTAL STAFF COST
FOH,STAFF COST,TOTAL STAFF COST
FOH,STAFF COST,TOTAL STAFF COST
FOH,STAFF COST,TOTAL STAFF COST
FOH,STAFF COST,TOTAL STAFF COST
BOH,STAFF COST,TOTAL STAFF COST
BOH,STAFF COST,TOTAL STAFF COST
BOH,STAFF COST,TOTAL STAFF COST
BOH,STAFF COST,TOTAL STAFF COST
BOH,STAFF COST,TOTAL STAFF COST
Employer Taxes,STAFF COST,TOTAL STAFF COST
Employer Taxes,STAFF COST,TOTAL STAFF COST
Employer Taxes,STAFF COST,TOTAL STAFF COST
Employer Taxes,STAFF COST,TOTAL STAFF COST
Employer Taxes,STAFF COST,TOTAL STAFF COST
Employer Taxes,STAFF COST,TOTAL STAFF COST
Employer Taxes,STAFF COST,TOTAL STAFF COST
Other Staff Costs - Other,OTHER STAFF COST,OTHER STAFF COST
Contract Labor,OTHER STAFF COST,OTHER STAFF COST
Employee Benefits - Other,OTHER STAFF COST,OTHER STAFF COST
Workers' Compensation Insurance,OTHER STAFF COST,OTHER STAFF COST
Staff Recruitment,OTHER STAFF COST,OTHER STAFF COST
Staff Training,OTHER STAFF COST,OTHER STAFF COST
Staff Uniforms,OTHER STAFF COST,OTHER STAFF COST
Staff Meals,OTHER STAFF COST,OTHER STAFF COST
Staff Welfare,OTHER STAFF COST,OTHER STAFF COST
Staff Accommodation/Relocation,OTHER STAFF COST,OTHER STAFF COST
Staff First Aid,OTHER STAFF COST,OTHER STAFF COST
PPP Employee Benefits,OTHER STAFF COST,OTHER STAFF COST
PPP Employee Benefits,OTHER STAFF COST,OTHER STAFF COST
Staff Insurance,OTHER STAFF COST,OTHER STAFF COST
Staff Insurance,OTHER STAFF COST,OTHER STAFF COST
Dental,OTHER STAFF COST,OTHER STAFF COST
Vision,OTHER STAFF COST,OTHER STAFF COST
Advertising and Promotion - Other,SALES & MARKETING,SALES & MARKETING
Advertising,SALES & MARKETING,SALES & MARKETING
Public Relations,SALES & MARKETING,SALES & MARKETING
Branding & Design,SALES & MARKETING,SALES & MARKETING
R & D,SALES & MARKETING,SALES & MARKETING
Event Expenses,SALES & MARKETING,SALES & MARKETING
Commission Expense,SALES & MARKETING,SALES & MARKETING
Subscriptions,SALES & MARKETING,SALES & MARKETING
Photography expense,SALES & MARKETING,SALES & MARKETING
Complimentary Cost,SALES & MARKETING,SALES & MARKETING
Travel and Entertainment - Other,TRAVEL & ENTERTAINMENT,TRAVEL & ENTERTAINMENT
Airfare,TRAVEL & ENTERTAINMENT,TRAVEL & ENTERTAINMENT
Meals & Entertainment,TRAVEL & ENTERTAINMENT,TRAVEL & ENTERTAINMENT
Lodging,TRAVEL & ENTERTAINMENT,TRAVEL & ENTERTAINMENT
Taxi Charges & Local Travel,TRAVEL & ENTERTAINMENT,TRAVEL & ENTERTAINMENT
Auto Expense,TRAVEL & ENTERTAINMENT,TRAVEL & ENTERTAINMENT
Web Design & Maintenance,COMMUNICATION,COMMUNICATION
Valet Parking - Guest,COMMUNICATION,COMMUNICATION
Clearing and Freight charges,COMMUNICATION,COMMUNICATION
Telephone,COMMUNICATION,COMMUNICATION
Internet/Email,COMMUNICATION,COMMUNICATION
Sales Adjustments,Other Expense,PROFIT BEFORE TAX & DEPRECIATION
Sales Adjustments,Other Expense,PROFIT BEFORE TAX & DEPRECIATION
Supplies and Maintenance - Other,SUPPLIES & MAINTAINANCE,SUPPLIES & MAINTAINANCE
Linen & Laundry,SUPPLIES & MAINTAINANCE,SUPPLIES & MAINTAINANCE
Cleaning Supplies,SUPPLIES & MAINTAINANCE,SUPPLIES & MAINTAINANCE
Cleaning Contract Services,SUPPLIES & MAINTAINANCE,SUPPLIES & MAINTAINANCE
Pest Control,SUPPLIES & MAINTAINANCE,SUPPLIES & MAINTAINANCE
Trash/Waste Removal Service,SUPPLIES & MAINTAINANCE,SUPPLIES & MAINTAINANCE
BOH Supplies & Accessories,SUPPLIES & MAINTAINANCE,SUPPLIES & MAINTAINANCE
FOH Supplies & Accessories,SUPPLIES & MAINTAINANCE,SUPPLIES & MAINTAINANCE
Paper Supplies,SUPPLIES & MAINTAINANCE,SUPPLIES & MAINTAINANCE
Packaging Supplies,SUPPLIES & MAINTAINANCE,SUPPLIES & MAINTAINANCE
Chinaware,SUPPLIES & MAINTAINANCE,SUPPLIES & MAINTAINANCE
Flatware,SUPPLIES & MAINTAINANCE,SUPPLIES & MAINTAINANCE
Glassware,SUPPLIES & MAINTAINANCE,SUPPLIES & MAINTAINANCE
Barware,SUPPLIES & MAINTAINANCE,SUPPLIES & MAINTAINANCE
Music,SUPPLIES & MAINTAINANCE,SUPPLIES & MAINTAINANCE
"Landscape, Flowers & Candles",SUPPLIES & MAINTAINANCE,SUPPLIES & MAINTAINANCE
Office Supplies/Stationery,SUPPLIES & MAINTAINANCE,SUPPLIES & MAINTAINANCE
Menus,SUPPLIES & MAINTAINANCE,SUPPLIES & MAINTAINANCE
IT Cost,SUPPLIES & MAINTAINANCE,SUPPLIES & MAINTAINANCE
Equipment Rental,SUPPLIES & MAINTAINANCE,SUPPLIES & MAINTAINANCE
Repairs - Building,SUPPLIES & MAINTAINANCE,SUPPLIES & MAINTAINANCE
Repairs - Equipment,SUPPLIES & MAINTAINANCE,SUPPLIES & MAINTAINANCE
Repairs - General,SUPPLIES & MAINTAINANCE,SUPPLIES & MAINTAINANCE
Postage & Courier,SUPPLIES & MAINTAINANCE,SUPPLIES & MAINTAINANCE
Professional Fees - Other,PROFESSIONAL FEES,PROFESSIONAL FEES
Legal Fees,PROFESSIONAL FEES,PROFESSIONAL FEES
Audit Fees,PROFESSIONAL FEES,PROFESSIONAL FEES
Tax Fees,PROFESSIONAL FEES,PROFESSIONAL FEES
Professional Fees,PROFESSIONAL FEES,PROFESSIONAL FEES
Accounting Fees,PROFESSIONAL FEES,PROFESSIONAL FEES
Consulting Fees,PROFESSIONAL FEES,PROFESSIONAL FEES
Bookkeeping Fees,PROFESSIONAL FEES,PROFESSIONAL FEES
Other Financial Costs - Other,OTHER FINANCIAL COSTS,OTHER FINANCIAL COSTS
Payroll Processing Charges,OTHER FINANCIAL COSTS,OTHER FINANCIAL COSTS
Credit Card Charges,OTHER FINANCIAL COSTS,OTHER FINANCIAL COSTS
Bank Charges,OTHER FINANCIAL COSTS,OTHER FINANCIAL COSTS
Donations,OTHER FINANCIAL COSTS,OTHER FINANCIAL COSTS
Royalties,OTHER FINANCIAL COSTS,OTHER FINANCIAL COSTS
Tangible Property Taxes,OTHER FINANCIAL COSTS,OTHER FINANCIAL COSTS
Penalties,OTHER FINANCIAL COSTS,OTHER FINANCIAL COSTS
"License, Permits & Filing Fees",OTHER FINANCIAL COSTS,OTHER FINANCIAL COSTS
Sales and Use Tax,OTHER FINANCIAL COSTS,OTHER FINANCIAL COSTS
Tips Expense,OTHER FINANCIAL COSTS,OTHER FINANCIAL COSTS
Finance charges,OTHER FINANCIAL COSTS,OTHER FINANCIAL COSTS
Insurance Expense,OTHER FINANCIAL COSTS,OTHER FINANCIAL COSTS
Liability Insurance,OTHER FINANCIAL COSTS,OTHER FINANCIAL COSTS
Property Insurance,OTHER FINANCIAL COSTS,OTHER FINANCIAL COSTS
EPLI Insurance,OTHER FINANCIAL COSTS,OTHER FINANCIAL COSTS
Occupancy Costs - Other,TOTAL OCCUPANCY,TOTAL OCCUPANCY
Rent,TOTAL OCCUPANCY,TOTAL OCCUPANCY
Percentage Rent,TOTAL OCCUPANCY,TOTAL OCCUPANCY
Real Estate Escalation Tax,TOTAL OCCUPANCY,TOTAL OCCUPANCY
Commercial Rent Tax,TOTAL OCCUPANCY,TOTAL OCCUPANCY
Electricity,TOTAL OCCUPANCY,TOTAL OCCUPANCY
Gas,TOTAL OCCUPANCY,TOTAL OCCUPANCY
Water,TOTAL OCCUPANCY,TOTAL OCCUPANCY
Storage Rent,TOTAL OCCUPANCY,TOTAL OCCUPANCY
Security and Alarm,TOTAL OCCUPANCY,TOTAL OCCUPANCY
CAM Charges,TOTAL OCCUPANCY,TOTAL OCCUPANCY
PPP Rent,TOTAL OCCUPANCY,TOTAL OCCUPANCY
PPP Utilities,TOTAL OCCUPANCY,TOTAL OCCUPANCY
Uncategorized Expenses,Other Expense,PROFIT BEFORE TAX & DEPRECIATION
 Ask My Accountant,Other Expense,PROFIT BEFORE TAX & DEPRECIATION
Sales Adjustments,Other Expense,PROFIT BEFORE TAX & DEPRECIATION
Gross Profit - Liquor,GROSS PROFIT,GROSS PROFIT
Gross Profit - Beer,GROSS PROFIT,GROSS PROFIT
Other Income,Other Income,PROFIT BEFORE TAX & DEPRECIATION
Interest Income,Other Income,PROFIT BEFORE TAX & DEPRECIATION
Other Income,Other Income,PROFIT BEFORE TAX & DEPRECIATION
Gross Profit - Other Bev,GROSS PROFIT,GROSS PROFIT
Interest Expense,Other Expense,PROFIT BEFORE TAX & DEPRECIATION
Corporate Tax Expense,Other Expense,PROFIT BEFORE TAX & DEPRECIATION
P & L Depreciation,P & L Depreciation & Amortization,Depreciation/Amortization
P & L Amortization,P & L Depreciation & Amortization,Depreciation/Amortization
Other Expenses,Other Expense,PROFIT BEFORE TAX & DEPRECIATION
Exchange Differences,Other Expense,PROFIT BEFORE TAX & DEPRECIATION
Rounding Differences,Other Expense,PROFIT BEFORE TAX & DEPRECIATION
Ask My Accountant,Other Expense,PROFIT BEFORE TAX & DEPRECIATION
Revenue -  Beverages,Revenue -  Beverages,Revenue -  Beverages
Gross Profit - Food,Gross Profit - Food,Gross Profit - Food
Gross Profit - Cocktail,Gross Profit - Cocktail,Gross Profit - Cocktail
Gross Profit - Wines,Gross Profit - Wines,Gross Profit - Wines
Gross Profit - Liquor,Gross Profit - Liquor,Gross Profit - Liquor
Gross Profit - Beer,Gross Profit - Beer,Gross Profit - Beer
Gross Profit - Other Beverages,Gross Profit - Other Beverages,Gross Profit - Other Beverages
Gross Profit - Beverages,Gross Profit - Beverages,Gross Profit - Beverages
Gross Profit - Event,Gross Profit - Event,Gross Profit - Event
TOTAL GROSS PROFIT,GROSS PROFIT,GROSS PROFIT
TOTAL STAFF COST,TOTAL STAFF COST,TOTAL STAFF COST
Revenue - Food,REVENUE,REVENUE
Revenue - Wines,REVENUE,REVENUE
Revenue - Liquor,REVENUE,REVENUE
Revenue - Cocktail,REVENUE,REVENUE
Revenue - Beer,REVENUE,REVENUE
Revenue -  Other Beverages,REVENUE,REVENUE
Revenue -  Retail,REVENUE,REVENUE
Revenue -  Events,REVENUE,REVENUE
TOTAL OPERATING EXPENSES,TOTAL OPERATING EXPENSES,TOTAL OPERATING EXPENSES
EBITDA,EBITDA,EBITDA
PROFIT BEFORE TAX & DEPRECIATION,PROFIT BEFORE TAX & DEPRECIATION,PROFIT BEFORE TAX & DEPRECIATION
NET PROFIT/(LOSS),NET PROFIT/(LOSS),Total NET PROFIT/(LOSS)
Food Purchases,Cost of Sales - Food,Cost of Sales - Food
Food - Stock Adjustment,Cost of Sales - Food,Cost of Sales - Food
Wine Purchase,Cost of Sales - Wines,Cost of Sales - Wines
Wine - Stock Adjustment,Cost of Sales - Wines,Cost of Sales - Wines
Liquor Purchase,Cost of Sales - Liquor,Cost of Sales - Liquor
Liquor - Stock Adjustment,Cost of Sales - Liquor,Cost of Sales - Liquor
Beer Purchase,Cost of Sales - Beer,Cost of Sales - Beer
Beer - Stock Adjustment,Cost of Sales - Beer,Cost of Sales - Beer
Other Bev Purchases,Cost of Sales - Other Beverages,Cost of Sales - Other Beverages
Other Bev - Stock Adjustment,Cost of Sales - Other Beverages,Cost of Sales - Other Beverages
Cost of Sales - Event Purchase,Cost of Sales - Event Purchase,Cost of Sales - Event Purchase
Cost of Sales - Cocktail,Cost of Sales - Cocktail,Cost of Sales - Cocktail
FOH - General Manager,Wages - F.O.H. Salaries,Wages - F.O.H. Salaries
Office Marketing,Wages - F.O.H. Salaries,Wages - F.O.H. Salaries
FOH - Wages - 1099,Wages - F.O.H. Salaries,Wages - F.O.H. Salaries
FOH - Server,Wages - F.O.H. Salaries,Wages - F.O.H. Salaries
Bartenders,Wages - F.O.H. Salaries,Wages - F.O.H. Salaries
Bartender - Bar Back,Wages - F.O.H. Salaries,Wages - F.O.H. Salaries
Support/Bussers,Wages - F.O.H. Salaries,Wages - F.O.H. Salaries
Runner,Wages - F.O.H. Salaries,Wages - F.O.H. Salaries
Floor Captain,Wages - F.O.H. Salaries,Wages - F.O.H. Salaries
Bar Captain,Wages - F.O.H. Salaries,Wages - F.O.H. Salaries
Wages · Co Owner,Wages · Co Owner,Wages · Co Owner
Wages · Chef Owner,Wages · Chef Owner,Wages · Chef Owner
BOH - Line Cook,Wages - B.O.H. Salaries,Wages - B.O.H. Salaries
BOH - Porter,Wages - B.O.H. Salaries,Wages - B.O.H. Salaries
Prep Kitchen,Wages - B.O.H. Salaries,Wages - B.O.H. Salaries
Wages - Event,Wages - Event,Wages - Event
Federal FUTA,Employer Taxes,Employer Taxes
Medicare,Employer Taxes,Employer Taxes
NY MTAI,Employer Taxes,Employer Taxes
State SUI,Employer Taxes,Employer Taxes
OASDI - Social Sec,Employer Taxes,Employer Taxes
Contract Labor,Total OTHER STAFF COST,Total OTHER STAFF COST
Reimbursement,Total OTHER STAFF COST,Total OTHER STAFF COST
Payroll Expense,Total OTHER STAFF COST,Total OTHER STAFF COST
Workers' Compensation Insurance,Total OTHER STAFF COST,Total OTHER STAFF COST
Staff Recruitment,Total OTHER STAFF COST,Total OTHER STAFF COST
Staff Training,Total OTHER STAFF COST,Total OTHER STAFF COST
Staff Uniforms,Total OTHER STAFF COST,Total OTHER STAFF COST
Staff Meals,Total OTHER STAFF COST,Total OTHER STAFF COST
Staff Welfare,Total OTHER STAFF COST,Total OTHER STAFF COST
Staff First Aid,Total OTHER STAFF COST,Total OTHER STAFF COST
Staff Insurance,Total OTHER STAFF COST,Total OTHER STAFF COST
Vision,Total OTHER STAFF COST,Total OTHER STAFF COST
NYFLI,Total OTHER STAFF COST,Total OTHER STAFF COST
Advertising,Total ADVERTISING/PROMOTION,Total ADVERTISING/PROMOTION
Public Relations,Total ADVERTISING/PROMOTION,Total ADVERTISING/PROMOTION
Sauce Commission expense,Total ADVERTISING/PROMOTION,Total ADVERTISING/PROMOTION
Branding & Design,Total ADVERTISING/PROMOTION,Total ADVERTISING/PROMOTION
R & D,Total ADVERTISING/PROMOTION,Total ADVERTISING/PROMOTION
Event Expenses,Total ADVERTISING/PROMOTION,Total ADVERTISING/PROMOTION
Grubhub Commission Expense,Total ADVERTISING/PROMOTION,Total ADVERTISING/PROMOTION
Subscriptions,Total ADVERTISING/PROMOTION,Total ADVERTISING/PROMOTION
Photography expense,Total ADVERTISING/PROMOTION,Total ADVERTISING/PROMOTION
Reservations,Total ADVERTISING/PROMOTION,Total ADVERTISING/PROMOTION
Promotions,Total ADVERTISING/PROMOTION,Total ADVERTISING/PROMOTION
Resy Commission Expense,Total ADVERTISING/PROMOTION,Total ADVERTISING/PROMOTION
Stripe Commission,Total ADVERTISING/PROMOTION,Total ADVERTISING/PROMOTION
Inkind Credit Expense,Total ADVERTISING/PROMOTION,Total ADVERTISING/PROMOTION
Airfare,Total TRAVEL & ENTERAINMENT,Total TRAVEL & ENTERAINMENT
Entertainment Meals,Total TRAVEL & ENTERAINMENT,Total TRAVEL & ENTERAINMENT
Lodging,Total TRAVEL & ENTERAINMENT,Total TRAVEL & ENTERAINMENT
Taxi/Parking/Gas Charges,Total TRAVEL & ENTERAINMENT,Total TRAVEL & ENTERAINMENT
Auto Expense,Total TRAVEL & ENTERAINMENT,Total TRAVEL & ENTERAINMENT
Web Design & Maintenance,Total COMMUNICATION,Total COMMUNICATION
Telephone,Total COMMUNICATION,Total COMMUNICATION
Internet/Email,Total COMMUNICATION,Total COMMUNICATION
Chargebacks,TOTAL SALES ADJUSTMENT,TOTAL SALES ADJUSTMENT
Under / Over,TOTAL SALES ADJUSTMENT,TOTAL SALES ADJUSTMENT
Linen & Laundry,TOTAL SUPPLIES & MAINTENANCE,TOTAL SUPPLIES & MAINTENANCE
Cleaning General,TOTAL SUPPLIES & MAINTENANCE,TOTAL SUPPLIES & MAINTENANCE
Cleaning Hood / Grease Trap,TOTAL SUPPLIES & MAINTENANCE,TOTAL SUPPLIES & MAINTENANCE
Pest Control,TOTAL SUPPLIES & MAINTENANCE,TOTAL SUPPLIES & MAINTENANCE
Trash/Waste Removal Service,TOTAL SUPPLIES & MAINTENANCE,TOTAL SUPPLIES & MAINTENANCE
BOH Accessories,TOTAL SUPPLIES & MAINTENANCE,TOTAL SUPPLIES & MAINTENANCE
FOH Accessories,TOTAL SUPPLIES & MAINTENANCE,TOTAL SUPPLIES & MAINTENANCE
Paper Supplies,TOTAL SUPPLIES & MAINTENANCE,TOTAL SUPPLIES & MAINTENANCE
Packaging,TOTAL SUPPLIES & MAINTENANCE,TOTAL SUPPLIES & MAINTENANCE
Silverware,TOTAL SUPPLIES & MAINTENANCE,TOTAL SUPPLIES & MAINTENANCE
Glassware,TOTAL SUPPLIES & MAINTENANCE,TOTAL SUPPLIES & MAINTENANCE
Barware,TOTAL SUPPLIES & MAINTENANCE,TOTAL SUPPLIES & MAINTENANCE
Music,TOTAL SUPPLIES & MAINTENANCE,TOTAL SUPPLIES & MAINTENANCE
"Decoration, Flowers & Candles",TOTAL SUPPLIES & MAINTENANCE,TOTAL SUPPLIES & MAINTENANCE
Office Supplies/Stationery,TOTAL SUPPLIES & MAINTENANCE,TOTAL SUPPLIES & MAINTENANCE
Menus,TOTAL SUPPLIES & MAINTENANCE,TOTAL SUPPLIES & MAINTENANCE
IT Cost,TOTAL SUPPLIES & MAINTENANCE,TOTAL SUPPLIES & MAINTENANCE
Equipment Rental,TOTAL SUPPLIES & MAINTENANCE,TOTAL SUPPLIES & MAINTENANCE
Repairs - Building,TOTAL SUPPLIES & MAINTENANCE,TOTAL SUPPLIES & MAINTENANCE
Repairs - Equipment,TOTAL SUPPLIES & MAINTENANCE,TOTAL SUPPLIES & MAINTENANCE
Repairs - General,TOTAL SUPPLIES & MAINTENANCE,TOTAL SUPPLIES & MAINTENANCE
Postage & Courier,TOTAL SUPPLIES & MAINTENANCE,TOTAL SUPPLIES & MAINTENANCE
Decorations,TOTAL SUPPLIES & MAINTENANCE,TOTAL SUPPLIES & MAINTENANCE
Legal Fees,TOTAL PROFESSIONAL FEES,TOTAL PROFESSIONAL FEES
Audit Fees,TOTAL PROFESSIONAL FEES,TOTAL PROFESSIONAL FEES
Tax Fees,TOTAL PROFESSIONAL FEES,TOTAL PROFESSIONAL FEES
Professional Fees,TOTAL PROFESSIONAL FEES,TOTAL PROFESSIONAL FEES
Accountancy Charges,TOTAL PROFESSIONAL FEES,TOTAL PROFESSIONAL FEES
Consulting Fees,TOTAL PROFESSIONAL FEES,TOTAL PROFESSIONAL FEES
Management Fees,TOTAL PROFESSIONAL FEES,TOTAL PROFESSIONAL FEES
Payroll Processing Charges,TOTAL OTHER FINANCIAL COST,TOTAL OTHER FINANCIAL COST
Credit Card Charges,TOTAL OTHER FINANCIAL COST,TOTAL OTHER FINANCIAL COST
Bank Charges,TOTAL OTHER FINANCIAL COST,TOTAL OTHER FINANCIAL COST
Donations,TOTAL OTHER FINANCIAL COST,TOTAL OTHER FINANCIAL COST
Penalties,TOTAL OTHER FINANCIAL COST,TOTAL OTHER FINANCIAL COST
Licenses and Permits,TOTAL OTHER FINANCIAL COST,TOTAL OTHER FINANCIAL COST
Sales and Use Tax,TOTAL OTHER FINANCIAL COST,TOTAL OTHER FINANCIAL COST
Liability Insurance,TOTAL OTHER FINANCIAL COST,TOTAL OTHER FINANCIAL COST
Umbrella Insurance,TOTAL OTHER FINANCIAL COST,TOTAL OTHER FINANCIAL COST
EPLI Insurance,TOTAL OTHER FINANCIAL COST,TOTAL OTHER FINANCIAL COST
Auto Insurance,TOTAL OTHER FINANCIAL COST,TOTAL OTHER FINANCIAL COST
Rent,TOTAL OCCUPANCY,TOTAL OCCUPANCY
Percentage Rent,TOTAL OCCUPANCY,TOTAL OCCUPANCY
Real Estate Escalation Tax,TOTAL OCCUPANCY,TOTAL OCCUPANCY
Commercial Rent Tax,TOTAL OCCUPANCY,TOTAL OCCUPANCY
Electricity,TOTAL OCCUPANCY,TOTAL OCCUPANCY
Gas,TOTAL OCCUPANCY,TOTAL OCCUPANCY
Water,TOTAL OCCUPANCY,TOTAL OCCUPANCY
Storage Rent,TOTAL OCCUPANCY,TOTAL OCCUPANCY
Security Services,TOTAL OCCUPANCY,TOTAL OCCUPANCY
Condo Charges,TOTAL OCCUPANCY,TOTAL OCCUPANCY
Uncategorized Expenses,Total Uncategorized,Total Uncategorized
Cost of Sales - Beverages,Total Cost of Sales - Beverages,Total Cost of Sales - Beverages
Other Income,Total Other Income,Total Other Income
TOTAL COST OF GOODS SOLD,TOTAL COST OF GOODS SOLD,TOTAL COST OF GOODS SOLD
Interest Paid on Loans,Interest Paid on Loans,Interest Paid on Loans
Interest on Tax/Penalties,Total Other Expenses,Total Other Expenses
Ask My Accountant,Total Other Expenses,Total Other Expenses
CORPORATE TAX,Total Uncategorized,Total Uncategorized
Other Expense,Total Other Expenses,Total Other Expenses
Under/Over,Total Other Expenses,Total Other Expenses
Short / Extra - AR,Total Other Expenses,Total Other Expenses
Receivable from TD Bank,Total Other Expenses,Total Other Expenses
Depreciation Expense,Depreciation Expense,Depreciation Expense
Amortization Expense,Amortization Expense,Amortization Expense
Start-Up Costs.,Total Other Expenses,Total Other Expenses
Location Planning,Total Other Expenses,Total Other Expenses
GROSS PROFIT,GROSS PROFIT,GROSS PROFIT
TOTAL STAFF COST,TOTAL STAFF COST,TOTAL STAFF COST
TOTAL OPERATING EXPENSES,TOTAL OPERATING EXPENSES,TOTAL OPERATING EXPENSES
EBITDA,EBITDA,EBITDA
Gross Profit - Food,Gross Profit - Food,Gross Profit - Food
PROFIT BEFORE TAX & DEPRECIATION,PROFIT BEFORE TAX & DEPRECIATION,PROFIT BEFORE TAX & DEPRECIATION
Revenue - Food,REVENUE,REVENUE
Revenue - Food,REVENUE,REVENUE
Revenue - Food,REVENUE,REVENUE
Revenue - Tea/Coffee,REVENUE,REVENUE
Revenue - Wines,REVENUE,REVENUE
Revenue - Wines,REVENUE,REVENUE
Revenue - Wines,REVENUE,REVENUE
Revenue - Wines,REVENUE,REVENUE
Revenue - Beer,REVENUE,REVENUE
Revenue - Beer,REVENUE,REVENUE
Revenue - Beer,REVENUE,REVENUE
Revenue - Other Beverages,REVENUE,REVENUE
Revenue - Other Beverages,REVENUE,REVENUE
Revenue - Other Beverages,REVENUE,REVENUE
Revenue - Retails,REVENUE,REVENUE
Revenue - Retails,REVENUE,REVENUE
Revenue - Retails,REVENUE,REVENUE
Revenue - Champagne,REVENUE,REVENUE
Digital Sales - Adjustments,REVENUE,REVENUE
NET PROFIT/(LOSS),NET PROFIT/(LOSS),NET PROFIT/(LOSS)
Gross Profit - Tea/Coffee,Gross Profit - Tea/Coffee,Gross Profit - Tea/Coffee
Cost of Sales - Food,COST OF GOODS SOLD,COST OF GOODS SOLD
Cost of Sales - Food,COST OF GOODS SOLD,COST OF GOODS SOLD
Cost of Sales - Food,COST OF GOODS SOLD,COST OF GOODS SOLD
Cost of Sales - Tea/Coffee,COST OF GOODS SOLD,COST OF GOODS SOLD
Cost of Sales - Wine,COST OF GOODS SOLD,COST OF GOODS SOLD
Cost of Sales - Wine,COST OF GOODS SOLD,COST OF GOODS SOLD
Cost of Sales - Wine,COST OF GOODS SOLD,COST OF GOODS SOLD
Cost of Sales - Wine,COST OF GOODS SOLD,COST OF GOODS SOLD
Cost of Sales - Champagne,COST OF GOODS SOLD,COST OF GOODS SOLD
Cost of Sales - Beer,COST OF GOODS SOLD,COST OF GOODS SOLD
Cost of Sales - Beer,COST OF GOODS SOLD,COST OF GOODS SOLD
Cost of Sales - Other Bev,COST OF GOODS SOLD,COST OF GOODS SOLD
Cost of Sales - Other Bev,COST OF GOODS SOLD,COST OF GOODS SOLD
Cost of Sales - Other Bev,COST OF GOODS SOLD,COST OF GOODS SOLD
Cost of Sales - Delivery Charges,COST OF GOODS SOLD,COST OF GOODS SOLD
Cost of Sales - Retails,COST OF GOODS SOLD,COST OF GOODS SOLD
Cost of Sales - Retails,COST OF GOODS SOLD,COST OF GOODS SOLD
Gross Profit - Wines,Gross Profit - Wines,Gross Profit - Wines
Cost of Goods Sold,COST OF GOODS SOLD,COST OF GOODS SOLD
Gross Profit - Champagne,Gross Profit - Champagne,Gross Profit - Champagne
Wages - 1099,Total Wages - F.O.H. Salaried,Total Wages - F.O.H. Salaried
Wages - F.O.H. Salaried - Other,Total Wages - F.O.H. Salaried,Total Wages - F.O.H. Salaried
GM,Total Wages - F.O.H. Salaried,Total Wages - F.O.H. Salaried
Sommelier,Total Wages - F.O.H. Salaried,Total Wages - F.O.H. Salaried
Floor Manager,Total Wages - F.O.H. Salaried,Total Wages - F.O.H. Salaried
Wages - F.O.H. Hourly - Other,Total Wages - F.O.H. Hourly,Total Wages - F.O.H. Hourly
Cashier,Total Wages - F.O.H. Hourly,Total Wages - F.O.H. Hourly
Busser,Total Wages - F.O.H. Hourly,Total Wages - F.O.H. Hourly
Runner,Total Wages - F.O.H. Hourly,Total Wages - F.O.H. Hourly
Bartender,Total Wages - F.O.H. Hourly,Total Wages - F.O.H. Hourly
Barback,Total Wages - F.O.H. Hourly,Total Wages - F.O.H. Hourly
Hostess,Total Wages - F.O.H. Hourly,Total Wages - F.O.H. Hourly
Server,Total Wages - F.O.H. Hourly,Total Wages - F.O.H. Hourly
Wages - F.O.H. Hourly - OT,Total Wages - F.O.H. Hourly - OT,Total Wages - F.O.H. Hourly - OT
Line Cook,Total Wages - B.O.H. Hourly,Total Wages - B.O.H. Hourly
Porter,Total Wages - B.O.H. Hourly,Total Wages - B.O.H. Hourly
Chef de Cuisine,Total Wages - B.O.H. Salaried,Total Wages - B.O.H. Salaried
Dishwasher,Total Wages - B.O.H. Hourly,Total Wages - B.O.H. Hourly
Prep Cook,Total Wages - B.O.H. Hourly,Total Wages - B.O.H. Hourly
Pasta Ninja,Total Wages - B.O.H. Hourly,Total Wages - B.O.H. Hourly
Cook,Total Wages - B.O.H. Hourly,Total Wages - B.O.H. Hourly
Steward,Total Wages - B.O.H. Hourly,Total Wages - B.O.H. Hourly
Receiving Clerk,Total Wages - B.O.H. Hourly,Total Wages - B.O.H. Hourly
Wages - B.O.H. Hourly - OT,Total Wages - B.O.H. Hourly - OT,Total Wages - B.O.H. Hourly - OT
Employer Taxes - Other,Total Employer Taxes,Total Employer Taxes
Social Security,Total Employer Taxes,Total Employer Taxes
Medicare,Total Employer Taxes,Total Employer Taxes
Federal FUTA,Total Employer Taxes,Total Employer Taxes
FL MTA,Total Employer Taxes,Total Employer Taxes
State SUI,Total Employer Taxes,Total Employer Taxes
OASDI,Total Employer Taxes,Total Employer Taxes
FL Re-employment,Total Employer Taxes,Total Employer Taxes
Other Staff Costs,OTHER STAFF COST,OTHER STAFF COST
Employee Benefits,OTHER STAFF COST,OTHER STAFF COST
Employee Benefits,OTHER STAFF COST,OTHER STAFF COST
Employee Benefits,OTHER STAFF COST,OTHER STAFF COST
Employee Benefits,OTHER STAFF COST,OTHER STAFF COST
Employee Benefits,OTHER STAFF COST,OTHER STAFF COST
Staff Meals,OTHER STAFF COST,OTHER STAFF COST
Employee Benefits,OTHER STAFF COST,OTHER STAFF COST
Staff First Aid,OTHER STAFF COST,OTHER STAFF COST
Staff Insurance,OTHER STAFF COST,OTHER STAFF COST
Staff Insurance,OTHER STAFF COST,OTHER STAFF COST
Advertising and Promotion - Other,PROMOTION,PROMOTION
Advertising,PROMOTION,PROMOTION
Public Relations,PROMOTION,PROMOTION
Branding & Design,PROMOTION,PROMOTION
R & D,PROMOTION,PROMOTION
Event Expenses,PROMOTION,PROMOTION
Commission Expense,PROMOTION,PROMOTION
Subscriptions,PROMOTION,PROMOTION
Photography expense,PROMOTION,PROMOTION
Complimentary Cost,PROMOTION,PROMOTION
Ubereats Commission,PROMOTION,PROMOTION
Airfare,TRAVEL AND ENTERTAINMENT,TRAVEL AND ENTERTAINMENT
Meals & Entertainment,TRAVEL AND ENTERTAINMENT,TRAVEL AND ENTERTAINMENT
Lodging,TRAVEL AND ENTERTAINMENT,TRAVEL AND ENTERTAINMENT
Taxi Charges & Local Travel,TRAVEL AND ENTERTAINMENT,TRAVEL AND ENTERTAINMENT
Auto Expense,TRAVEL AND ENTERTAINMENT,TRAVEL AND ENTERTAINMENT
Web Design & Maint.,GENERAL AND ADMIN EXPENSES,GENERAL AND ADMIN EXPENSES
Parking & Tolls,GENERAL AND ADMIN EXPENSES,GENERAL AND ADMIN EXPENSES
Clearing and Freight charges,GENERAL AND ADMIN EXPENSES,GENERAL AND ADMIN EXPENSES
Telephone,GENERAL AND ADMIN EXPENSES,GENERAL AND ADMIN EXPENSES
Internet/Email,GENERAL AND ADMIN EXPENSES,GENERAL AND ADMIN EXPENSES
Chargebacks,REVENUE,REVENUE
Extra/Short Receipts,REVENUE,REVENUE
Under/Over,Other Expenses,Other Expenses
Digital Sales - Adjustments,REVENUE,REVENUE
Supp. & Maint. - Other,SUPPLIES AND MAINTENANCE,SUPPLIES AND MAINTENANCE
Linen & Laundry,SUPPLIES AND MAINTENANCE,SUPPLIES AND MAINTENANCE
Cleaning Supplies,SUPPLIES AND MAINTENANCE,SUPPLIES AND MAINTENANCE
Cleaning Contract Services,SUPPLIES AND MAINTENANCE,SUPPLIES AND MAINTENANCE
Pest Control,SUPPLIES AND MAINTENANCE,SUPPLIES AND MAINTENANCE
Trash/Waste Removal Service,SUPPLIES AND MAINTENANCE,SUPPLIES AND MAINTENANCE
BOH Supplies & Accessories,SUPPLIES AND MAINTENANCE,SUPPLIES AND MAINTENANCE
FOH Supplies & Accessories,SUPPLIES AND MAINTENANCE,SUPPLIES AND MAINTENANCE
Paper Supplies,SUPPLIES AND MAINTENANCE,SUPPLIES AND MAINTENANCE
Packaging Supplies,SUPPLIES AND MAINTENANCE,SUPPLIES AND MAINTENANCE
Chinaware,SUPPLIES AND MAINTENANCE,SUPPLIES AND MAINTENANCE
Flatware,SUPPLIES AND MAINTENANCE,SUPPLIES AND MAINTENANCE
Glassware,SUPPLIES AND MAINTENANCE,SUPPLIES AND MAINTENANCE
Barware,SUPPLIES AND MAINTENANCE,SUPPLIES AND MAINTENANCE
Music,SUPPLIES AND MAINTENANCE,SUPPLIES AND MAINTENANCE
"Landscape, Flowers & Candles",SUPPLIES AND MAINTENANCE,SUPPLIES AND MAINTENANCE
Office Supplies/Stationery,SUPPLIES AND MAINTENANCE,SUPPLIES AND MAINTENANCE
Menus,SUPPLIES AND MAINTENANCE,SUPPLIES AND MAINTENANCE
IT Cost,SUPPLIES AND MAINTENANCE,SUPPLIES AND MAINTENANCE
Equipment Rental,SUPPLIES AND MAINTENANCE,SUPPLIES AND MAINTENANCE
Repairs - Building,SUPPLIES AND MAINTENANCE,SUPPLIES AND MAINTENANCE
Repairs - Equipment,SUPPLIES AND MAINTENANCE,SUPPLIES AND MAINTENANCE
Repairs - General,SUPPLIES AND MAINTENANCE,SUPPLIES AND MAINTENANCE
Postage & Courier,SUPPLIES AND MAINTENANCE,SUPPLIES AND MAINTENANCE
Legal Fees,PROFESSIONAL FEES,PROFESSIONAL FEES
Audit Fees,PROFESSIONAL FEES,PROFESSIONAL FEES
Tax Fees,PROFESSIONAL FEES,PROFESSIONAL FEES
Professional Fee,PROFESSIONAL FEES,PROFESSIONAL FEES
Accounting Fees,PROFESSIONAL FEES,PROFESSIONAL FEES
Consulting Fees,PROFESSIONAL FEES,PROFESSIONAL FEES
Payroll Processing Charges,OTHER FINANCIAL COST,OTHER FINANCIAL COST
Credit Card Charges,OTHER FINANCIAL COST,OTHER FINANCIAL COST
Bank Charges,OTHER FINANCIAL COST,OTHER FINANCIAL COST
Donations,OTHER FINANCIAL COST,OTHER FINANCIAL COST
Royalties,OTHER FINANCIAL COST,OTHER FINANCIAL COST
Tangible Property Taxes,OTHER FINANCIAL COST,OTHER FINANCIAL COST
Penalties,OTHER FINANCIAL COST,OTHER FINANCIAL COST
"Licenses, Permits & Filing Fees",OTHER FINANCIAL COST,OTHER FINANCIAL COST
Sales and Use Tax,OTHER FINANCIAL COST,OTHER FINANCIAL COST
Credit Card Charges,OTHER FINANCIAL COST,OTHER FINANCIAL COST
Insurance Expense,INSURANCE EXPENSES,INSURANCE EXPENSES
Liability Insurance,INSURANCE EXPENSES,INSURANCE EXPENSES
Property Insurance,INSURANCE EXPENSES,INSURANCE EXPENSES
Umbrella Insurance,INSURANCE EXPENSES,INSURANCE EXPENSES
EPLI Insurance,INSURANCE EXPENSES,INSURANCE EXPENSES
Rent,OCCUPANCY COST,OCCUPANCY COST
Percentage Rent,OCCUPANCY COST,OCCUPANCY COST
Real Estate Escalation Tax,OCCUPANCY COST,OCCUPANCY COST
Commercial Rent Tax,OCCUPANCY COST,OCCUPANCY COST
Electricity,OCCUPANCY COST,OCCUPANCY COST
Gas,OCCUPANCY COST,OCCUPANCY COST
Water,OCCUPANCY COST,OCCUPANCY COST
Storage Rent,OCCUPANCY COST,OCCUPANCY COST
Security and Alarm,OCCUPANCY COST,OCCUPANCY COST
CAM Charges,OCCUPANCY COST,OCCUPANCY COST
Uncategorized Expenses,Other Expenses,Other Expenses
Sales Adjustments,REVENUE,REVENUE
Gross Profit - Beer,Gross Profit - Beer,Gross Profit - Beer
Gross Profit - Other Bev,Gross Profit - Other Bev,Gross Profit - Other Bev
Other Income - Other,Other Income,Other Income
Interest Income,Other Income,Other Income
Other Incomes,Other Income,Other Income
Uncategorized Income,Other Income,Other Income
Gross Profit - Retails,Gross Profit - Retails,Gross Profit - Retails
Interest Expense,Other Expenses,Other Expenses
Interest Expense,Other Expenses,Other Expenses
Corporate Tax Expense,Other Expenses,Other Expenses
P & L Depreciation,P & L Depreciation,P & L Depreciation
P & L Amortization,P & L Amortization,P & L Amortization
Other Expenses - Other,Other Expenses,Other Expenses
Rounding Differences,Other Expenses,Other Expenses
Exchange Differences,Other Expenses,Other Expenses
TIPS Over/Shor,Other Expenses,Other Expenses
Donations,Other Expenses,Other Expenses
Pre Opening Expense,Other Expenses,Other Expenses
COG Beverages,COST OF GOODS SOLD,COG Beverages
Gross Profit - Food,Gross Profit - Food,Gross Profit - Food
Gross Profit - Wine,Gross Profit - Wine,Gross Profit - Wine
Gross Profit - Catering,Gross Profit - Catering,Gross Profit - Catering
Gross Profit - Liquor,Gross Profit - Liquor,Gross Profit - Liquor
Gross Profit - Beer,Gross Profit - Beer,Gross Profit - Beer
Gross Profit - Tea/Coffee,Gross Profit - Tea/Coffee,Gross Profit - Tea/Coffee
Gross Profit - Other Beverages,Gross Profit - Other Beverages,Gross Profit - Other Beverages
Gross Profit - Retails,Gross Profit - Retails,Gross Profit - Retails
Gross Profit - Others,Gross Profit - Others,Gross Profit - Others
GROSS PROFIT,GROSS PROFIT,GROSS PROFIT
Restaurant Food,REVENUE,Revenue - Food
Market Food,REVENUE,Revenue - Food
Catering Food,REVENUE,Revenue - Food
Restaurant Coffee,REVENUE,Revenue - Tea/Coffee
Market Coffee,REVENUE,Revenue - Tea/Coffee
Catering Coffee,REVENUE,Revenue - Tea/Coffee
Restaurant Wine,REVENUE,Revenue - Wines
Market Wine,REVENUE,Revenue - Wines
Catering  Wine,REVENUE,Revenue - Wines
Revenue - Liquor,REVENUE,Revenue - Liquor
Restaurant Beer,REVENUE,Revenue - Beer
Market Beer,REVENUE,Revenue - Beer
Catering Beer,REVENUE,Revenue - Beer
Revenue Other Bev,REVENUE,Revenue - Other Beverages
Restaurant Beverages,REVENUE,Revenue - Other Beverages
Market Beverages,REVENUE,Revenue - Other Beverages
Catering Beverages,REVENUE,Revenue - Other Beverages
Revenue - Fees,REVENUE,Revenue - Fees
Revenue Retail,REVENUE,Revenue - Retails
Restaurant Retail,REVENUE,Revenue - Retails
Market Retail,REVENUE,Revenue - Retails
Revenue - Others,REVENUE,Revenue - Others
Revenue-Breads,REVENUE,Revenue-Breads
Catering Discounts,REVENUE,Revenue - Catering
Catering Services,REVENUE,Revenue - Catering
Admin Fees,REVENUE,Admin Fees
Employee Wellness Fee,REVENUE,Employee Wellness Fee
Transfer To Centrolina,REVENUE,Transfer To Centrolina
House Tips,REVENUE,House Tips
5% Service Charges,REVENUE,5% Service Charges
Cost of Sales - Food,COST OF GOODS SOLD,COG Food
Food Purchases,COST OF GOODS SOLD,COG Food
Food - Stock Adjustment,COST OF GOODS SOLD,COG Food
Tea/Coffee Purchases,COST OF GOODS SOLD,COG Tea/Coffee
Tea/Coffee - Stock Adjustment,COST OF GOODS SOLD,COG Tea/Coffee
TOTAL OPERATING EXPENSES,TOTAL OPERATING EXPENSES,TOTAL OPERATING EXPENSES
COS Restaurant Wine,COST OF GOODS SOLD,COG Wines
COS Market Wine,COST OF GOODS SOLD,COG Wines
Wine - Stock Adjustment (Mkt.),COST OF GOODS SOLD,COG Wines
Liquor Purchases,COST OF GOODS SOLD,COG Liquor
Liquor - Stock Adjustment,COST OF GOODS SOLD,COG Liquor
EBITDA,EBITDA,EBITDA
COS Restaurant Beer,COST OF GOODS SOLD,COG Beer
COS Market Beer,COST OF GOODS SOLD,COG Beer
 Beer - Stock Adjustment (Mkt.),COST OF GOODS SOLD,COG Beer
Other Bev Purchases,COST OF GOODS SOLD,COG Other Beverages
Other Bev - Stock Adjustment,COST OF GOODS SOLD,COG Other Beverages
PROFIT BEFORE TAX & DEPRECIATION,PROFIT BEFORE TAX & DEPRECIATION,PROFIT BEFORE TAX & DEPRECIATION
COG Retails,COST OF GOODS SOLD,COG Retails
NET PROFIT/(LOSS),NET PROFIT/(LOSS),NET PROFIT/(LOSS)
COG Others,COST OF GOODS SOLD,COG Others
Transfer COGS to Centrolina,COST OF GOODS SOLD,Transfer COGS to Centrolina
Pre-Opg Purchases,Pre-Opening Expenses,Total Pre-Opening Expenses
Pre-Opening Staff wages,Pre-Opening Expenses,Total Pre-Opening Expenses
Pre-Opening Other Staff Cost,Pre-Opening Expenses,Total Pre-Opening Expenses
Pre -Opening Employee Taxes,Pre-Opening Expenses,Total Pre-Opening Expenses
Pre-Opening Advertising,Pre-Opening Expenses,Total Pre-Opening Expenses
Pre-Opening Supplies & Mainten.,Pre-Opening Expenses,Total Pre-Opening Expenses
Pre-Opening Occupancy,Pre-Opening Expenses,Total Pre-Opening Expenses
Pre-Opening Financial Cost,Pre-Opening Expenses,Total Pre-Opening Expenses
Pre-opening Communication,Pre-Opening Expenses,Total Pre-Opening Expenses
Pre-Opening R&D,Pre-Opening Expenses,Total Pre-Opening Expenses
Market Hourly,STAFF COST,Wages - F.O.H
Bartender,STAFF COST,Wages - F.O.H
Servers,STAFF COST,Wages - F.O.H
Bussers,STAFF COST,Wages - F.O.H
Host,STAFF COST,Wages - F.O.H
Manager,STAFF COST,Wages - F.O.H
Market Salaried,STAFF COST,Wages - F.O.H
FOH Overtime,STAFF COST,Wages - F.O.H
Barista/Cashier,STAFF COST,Wages - F.O.H
Line Cook,STAFF COST,Wages - B.O.H.
Prep Hourly,STAFF COST,Wages - B.O.H.
Prep Salaried,STAFF COST,Wages - B.O.H.
Dishwasher,STAFF COST,Wages - B.O.H.
BOH Overtime,STAFF COST,Wages - B.O.H.
Pastry Hourly,STAFF COST,Wages - B.O.H.
Executive Chef ( Hourly),STAFF COST,Wages - B.O.H.
Pastry Salaried,STAFF COST,Wages - B.O.H.
Manager Salaried,STAFF COST,Wages - B.O.H.
Supervisor,STAFF COST,Wages - F.O.H
Executive Chef,STAFF COST,Wages - B.O.H.
Wages - Bonuses,STAFF COST,Wages - Bonuses
Salaries - Owners,STAFF COST,Salaries - Owners
Wages - Tips,STAFF COST,Wages - Tips
Wages - 1099,STAFF COST,Wages - 1099
Cash - Wages,STAFF COST,Cash - Wages
Other-Wages,STAFF COST,Other-Wages
Employer Taxes - Other,STAFF COST,Employer Taxes
Federal FUTA,STAFF COST,Employer Taxes
Medicare,STAFF COST,Employer Taxes
DC Unemploy/Surcharge,STAFF COST,Employer Taxes
Social Security / OASDI,STAFF COST,Employer Taxes
Staff Workman's Comp,OTHER STAFF COST,Staff Insurance
Staff Insurance,OTHER STAFF COST,Staff Insurance
Medical,OTHER STAFF COST,Staff Insurance
Dental,OTHER STAFF COST,Staff Insurance
Vision,OTHER STAFF COST,Staff Insurance
Staff Recruitment,OTHER STAFF COST,Staff Recruitment
Staff Training,OTHER STAFF COST,Staff Training
Staff Uniforms,OTHER STAFF COST,Staff Uniforms
Staff Welfare,OTHER STAFF COST,Staff Welfare
Employee Benefits - Other,OTHER STAFF COST,Employee Benefits
Staff Meals,OTHER STAFF COST,Employee Benefits
Chef / Manager Meals,OTHER STAFF COST,Employee Benefits
Staff First Aid,OTHER STAFF COST,Staff First Aid
Advertising,ADVERTISING / PROMOTION,Advertising
Public Relations,ADVERTISING / PROMOTION,Public Relations
Web Design & Maintenance,ADVERTISING / PROMOTION,Web Design & Maintenance
R & D,ADVERTISING / PROMOTION,R & D
Event Expenses,ADVERTISING / PROMOTION,Event Expenses
Commision Paid -Caviar/Doordash,FINANCIAL COST,Commision Paid -Caviar/Doordash
Ritual Fees & Commission,FINANCIAL COST,Ritual Fees & Commission
Subscriptions,ADVERTISING / PROMOTION,Subscriptions
Photography Expense,ADVERTISING / PROMOTION,Photography Expense
Complimentary Cost,ADVERTISING / PROMOTION,Complimentary Cost
Investor,ADVERTISING / PROMOTION,Investor
Guest Relation,ADVERTISING / PROMOTION,Guest Relation
Security and Alarm,OCCUPANCY,Security and Alarm
Gift Card Promotion,ADVERTISING / PROMOTION,Gift Card Promotion
Travel Cost,TRAVEL & ENTERTAINMENT,Travel Cost
Entertainment Meals,TRAVEL & ENTERTAINMENT,Entertainment Meals
Lodging,TRAVEL & ENTERTAINMENT,Lodging
Parking Charges,TRAVEL & ENTERTAINMENT,Parking Charges
Telephone,COMMUNICATION,Telephone
Postage,COMMUNICATION,Postage
Courier,COMMUNICATION,Courier
Linen & Laundry,SUPPLIES & MAINTENANCE,Linen & Laundry
Cleaning,SUPPLIES & MAINTENANCE,Cleaning
Cleaning Services,SUPPLIES & MAINTENANCE,Cleaning Services
Kitchen Accessories,SUPPLIES & MAINTENANCE,Kitchen Accessories
Wood Expense,SUPPLIES & MAINTENANCE,Wood Expense
Restaurant,SUPPLIES & MAINTENANCE,Restaurant
"China, Glass, Silverware",SUPPLIES & MAINTENANCE,"China, Glass, Silverware"
Barware,SUPPLIES & MAINTENANCE,Barware
Music,SUPPLIES & MAINTENANCE,Music
"Landscape, Flowers & Candles",SUPPLIES & MAINTENANCE,"Landscape, Flowers & Candles"
Office Supplies/Stationery,SUPPLIES & MAINTENANCE,Office Supplies/Stationery
Menus,SUPPLIES & MAINTENANCE,Menus
IT Cost,SUPPLIES & MAINTENANCE,IT Cost
Equipment Rental,SUPPLIES & MAINTENANCE,Equipment Rental
Supplies,SUPPLIES & MAINTENANCE,Supplies
Repairs - Building,REPAIRS & MAINTENANCE,Repairs - Building
Repairs - Equipment,REPAIRS & MAINTENANCE,Repairs - Equipment
Repairs - General,REPAIRS & MAINTENANCE,Repairs - General
Legal Fees,FINANCIAL COST,Legal Fees
Professional Fees,FINANCIAL COST,Professional Fees
Accountancy Charges,FINANCIAL COST,Accountancy Charges
Payroll Processing Charges,FINANCIAL COST,Payroll Processing Charges
Credit Card Charges,FINANCIAL COST,Credit Card Charges
Eventbrite Fees,FINANCIAL COST,Eventbrite Fees
Stripe fees,FINANCIAL COST,Stripe fees
Credit Card Chargeback,FINANCIAL COST,Credit Card Chargeback
Bank Charges,FINANCIAL COST,Bank Charges
Interest Paid on Loans,FINANCIAL COST,Interest Paid on Loans
Donations,ADVERTISING / PROMOTION,Donations
Use Tax on Comps,FINANCIAL COST,Use Tax on Comps
Tangible Property Taxes,FINANCIAL COST,Tangible Property Taxes
Penalties,FINANCIAL COST,Penalties
Licenses and Permits,FINANCIAL COST,Licenses and Permits
Tock Fees,FINANCIAL COST,Tock Fees
Base- Rent,OCCUPANCY,Rent
Real Estate Escalation Tax,OCCUPANCY,Real Estate Escalation Tax
Electricity,OCCUPANCY,Electricity
Gas,OCCUPANCY,Gas
Wood Expenses,OCCUPANCY,Wood Expenses
Insurance,OCCUPANCY,Insurance
Trash / Water Condenser,SUPPLIES & MAINTENANCE,Trash / Water Condenser
Pest Control,OCCUPANCY,Pest Control
Auto Expense,TRAVEL & ENTERTAINMENT,Auto Expense
Reservations,SUPPLIES & MAINTENANCE,Reservations
Sales Tax,FINANCIAL COST,Sales Tax
Carry Out Supplies,SUPPLIES & MAINTENANCE,Carry Out Supplies
Over / Under,Over / Under,Over / Under
P & L Depreciation,P & L Depreciation,P & L Depreciation
P & L Amortization,P & L Amortization,P & L Amortization
Bank Interest,Bank Interest,Bank Interest
Other Income,Other Income,Other Income
Ask My Accountant,Ask My Accountant,Ask My Accountant
Other Expenses,Other Expenses,Other Expenses
Customer Balance (Write Off),Customer Balance (Write Off),Customer Balance (Write Off)
Total Cost of Sales - Food,COST OF GOODS SOLD,Total Cost of Sales - Food
Total Cost of Sales - Beverage,COST OF GOODS SOLD,Total Cost of Sales - Beverage
TOTAL COST OF GOODS SOLD - F&B,COST OF GOODS SOLD,TOTAL COST OF GOODS SOLD - F&B
GROSS PROFIT,GROSS PROFIT,GROSS PROFIT
Revenue In House - Other,REVENUE,Total Revenue In House
Revenue In House Food,REVENUE,Total Revenue In House
Revenue In House Soda BIB,REVENUE,Total Revenue In House
Revenue in House Soda Can,REVENUE,Total Revenue In House
Revenue In House Beer,REVENUE,Total Revenue In House
Revenue In House Ice Tea,REVENUE,Total Revenue In House
Revenue In House Wine,REVENUE,Total Revenue In House
Revenue In House Water,REVENUE,Total Revenue In House
Revenue in House Juice,REVENUE,Total Revenue In House
Revenue Delivery - Other,REVENUE,Total Revenue Delievery
Revenue Delivery Food,REVENUE,Total Revenue Delievery
Revenue Delivery Soda BIB,REVENUE,Total Revenue Delievery
Revenue Delivery Soda Can,REVENUE,Total Revenue Delievery
Revenue Delivery Beer,REVENUE,Total Revenue Delievery
Revenue Delivery Ice Tea,REVENUE,Total Revenue Delievery
Revenue Delivery Wine,REVENUE,Total Revenue Delievery
Revenue Delivery Water,REVENUE,Total Revenue Delievery
Revenue Delivery Juice,REVENUE,Total Revenue Delievery
Revenue - Retail,REVENUE,Revenue - Retail
Revenue - Delivery fee,REVENUE,Revenue - Delivery fee
Comps & Promos - Other,REVENUE,Total Comps & Promos
Comps & Promos (In House),REVENUE,Total Comps & Promos
Comps & Promos (Delivery),REVENUE,Total Comps & Promos
Sales Adjustment,REVENUE,Sales Adjustment
Management Fees Income,TOTAL OTHER INCOME,TOTAL OTHER INCOME
PRIME COST,PRIME COST,PRIME COST
TOTAL OPERATING EXPENSE,OPERATING EXPENSE,OPERATING EXPENSE
TOTAL STORE LEVEL EXPENSE,STORE LEVEL EXPENSE,STORE LEVEL EXPENSE
Food - Other,COST OF GOODS SOLD,Total Cost of Sale - Food
Food Purchases,COST OF GOODS SOLD,Total Cost of Sale - Food
Food - Stock Adjustment,COST OF GOODS SOLD,Total Cost of Sale - Food
Bakery - Other,COST OF GOODS SOLD,Total Cost of Sales - Bakery
Bakery Purchases,COST OF GOODS SOLD,Total Cost of Sales - Bakery
Bakery - Stock Adjustment,COST OF GOODS SOLD,Total Cost of Sales - Bakery
Dairy - Other,COST OF GOODS SOLD,Total Cost of Sales - Dairy
Dairy Purchases,COST OF GOODS SOLD,Total Cost of Sales - Dairy
Dairy - Stock Adjustment,COST OF GOODS SOLD,Total Cost of Sales - Dairy
Meat - Other,COST OF GOODS SOLD,Total Cost of Sales - Meat
Meat Purchases,COST OF GOODS SOLD,Total Cost of Sales - Meat
Meat - Stock Adjustment,COST OF GOODS SOLD,Total Cost of Sales - Meat
Mozzarella - Other,COST OF GOODS SOLD,Total Cost of Sales - Mozzarella
Mozzarella Purchases,COST OF GOODS SOLD,Total Cost of Sales - Mozzarella
Mozzarella - Stock Adjustment,COST OF GOODS SOLD,Total Cost of Sales - Mozzarella
Produce - Other,COST OF GOODS SOLD,Total Cost of Sales - Produce
Produce Purchases,COST OF GOODS SOLD,Total Cost of Sales - Produce
Produce - Stock Adjustment,COST OF GOODS SOLD,Total Cost of Sales - Produce
Seafood - Other,COST OF GOODS SOLD,Total Cost of Sales - Seafood
Seafood Purchases,COST OF GOODS SOLD,Total Cost of Sales - Seafood
Seafood - Stock Adjustment,COST OF GOODS SOLD,Total Cost of Sales - Seafood
Oils - Other,COST OF GOODS SOLD,Total Cost of Sales - Oils
Oils Purchases,COST OF GOODS SOLD,Total Cost of Sales - Oils
Oils - Stock Adjustment,COST OF GOODS SOLD,Total Cost of Sales - Oils
Sauces - Other,COST OF GOODS SOLD,Total Cost of Sales - Sauces
Sauces Purchases,COST OF GOODS SOLD,Total Cost of Sales - Sauces
Sauces - Stock Adjustment,COST OF GOODS SOLD,Total Cost of Sales - Sauces
Cost of Sales - Food - Other,COST OF GOODS SOLD,Cost of Sales - Food - Other
TOTAL STORE LEVEL PROFIT,STORE LEVEL PROFIT,STORE LEVEL PROFIT
Cost of Sales - Wine - Other,COST OF GOODS SOLD,Total Cost of Sales - Wine
Wine Purchases,COST OF GOODS SOLD,Total Cost of Sales - Wine
Wine - Stock Adjustment,COST OF GOODS SOLD,Total Cost of Sales - Wine
Cost of Goods Sold - Beverage - Other,COST OF GOODS SOLD,Cost of Goods Sold - Beverage - Other
Cost of Sales - Beer - Other,COST OF GOODS SOLD,Total Cost of Sales - Beer
Beer Purchases,COST OF GOODS SOLD,Total Cost of Sales - Beer
Beer - Stock Adjustment,COST OF GOODS SOLD,Total Cost of Sales - Beer
TOTAL OPERATING EXPENSES,TOTAL OPERATING EXPENSES,TOTAL OPERATING EXPENSES
Cost of Sales - Ice Tea - Other,COST OF GOODS SOLD,Total Cost of Sales - Ice Tea
Ice Tea Purchases,COST OF GOODS SOLD,Total Cost of Sales - Ice Tea
Ice Tea - Stock Adjustment,COST OF GOODS SOLD,Total Cost of Sales - Ice Tea
Cost of Sales - Soda - BIB - Other,COST OF GOODS SOLD,Total Cost of Sales - Soda - BIB
Soda - BIB Purchases,COST OF GOODS SOLD,Total Cost of Sales - Soda - BIB
Soda - BIB - Stock Adjustment,COST OF GOODS SOLD,Total Cost of Sales - Soda - BIB
EBITDA,EBITDA,EBITDA
Cost of Sales - Soda - Cans - Other,COST OF GOODS SOLD,Total Cost of Sales - Soda - Cane
Soda - Cans Purchases,COST OF GOODS SOLD,Total Cost of Sales - Soda - Cane
Soda - Cans - Stock Adjustment,COST OF GOODS SOLD,Total Cost of Sales - Soda - Cane
Cost of Sales - Juice - Other,COST OF GOODS SOLD,Total Cost of Sales - Juice
Juice Purchases,COST OF GOODS SOLD,Total Cost of Sales - Juice
Juice - Stock Adjustment,COST OF GOODS SOLD,Total Cost of Sales - Juice
Cost of Sales - Water - Other,COST OF GOODS SOLD,Total Cost of Sales - Water
Water Purchases,COST OF GOODS SOLD,Total Cost of Sales - Water
Water - Stock Adjustment,COST OF GOODS SOLD,Total Cost of Sales - Water
Cost of Sales - Events - Other,COST OF GOODS SOLD,Total Cost of Sales - Events
Event Items purchase,COST OF GOODS SOLD,Total Cost of Sales - Events
Cost of Sales - Retails - Other,COST OF GOODS SOLD,Total Cost of Sales - Retails
Retail Purchases,COST OF GOODS SOLD,Total Cost of Sales - Retails
Retail - Stock Adjustment,COST OF GOODS SOLD,Total Cost of Sales - Retails
TOTAL OTHER EXPENSE,TOTAL OTHER EXPENSE,TOTAL OTHER EXPENSE
Use Tax on Comps,G&A,Use Tax on Comps
PROFIT BEFORE TAX & DEPRECIATION,PROFIT BEFORE TAX & DEPRECIATION,PROFIT BEFORE TAX & DEPRECIATION
NET PROFIT/(LOSS),NET PROFIT/(LOSS),NET PROFIT/(LOSS)
Labour - Other,STAFF COST,Total Employer Taxes
Wages - Other,STAFF COST,Wages - Other
Employment Benefits - Other,STAFF COST,Total Employer Benefits
Wages - F.O.H. Wages - Other,STAFF COST,Total Wages - F.O.H. Wages
Wages - B.O.H. Wages - Other,STAFF COST,Total Wages - B.O.H. Hourly
Wages - F.O.H. Management,STAFF COST,Wages - F.O.H. Management
Wages - B.O.H. Management,STAFF COST,Wages - B.O.H. Management
Wages - Agency,STAFF COST,Total Employer Benefits
Wages - 1099,STAFF COST,Total Employer Taxes
Cash - Wages,STAFF COST,Total Employer Benefits
Consulting Fee,STAFF COST,Consulting Fee
Executive Fees,STAFF COST,Executive Fees
Catering & Admin,STAFF COST,Catering & Admin
Assistant Manager,STAFF COST,Total Wages - F.O.H. Wages
Delivery,STAFF COST,Total Wages - B.O.H. Hourly
General Manager,STAFF COST,Total Wages - F.O.H. Wages
Shift Leader,STAFF COST,Total Wages - F.O.H. Wages
Pizza,STAFF COST,Total Wages - B.O.H. Hourly
Oven,STAFF COST,Total Wages - B.O.H. Hourly
Prep,STAFF COST,Total Wages - B.O.H. Hourly
Operations,STAFF COST,Total Wages - F.O.H. Wages
Payroll Expense,STAFF COST,Payroll Expense
Dishwasher/Porter,STAFF COST,Total Wages - B.O.H. Hourly
Catering/Social Media,TOTAL OTHER EXPENSES,TOTAL OTHER EXPENSES
Human Resource,STAFF COST,Total Wages - F.O.H. Wages
Server,STAFF COST,Total Wages - F.O.H. Wages
Supervisor,STAFF COST,Total Wages - F.O.H. Wages
Employer Taxes - Other,STAFF COST,Total Employer Taxes
Federal FUTA,STAFF COST,Total Employer Taxes
Medicare & Social Security,STAFF COST,Total Employer Taxes
Ny Re-employment,STAFF COST,Total Employer Taxes
Ny MTAI,STAFF COST,Total Employer Taxes
State SUI,STAFF COST,Total Employer Taxes
OASDI,STAFF COST,Total Employer Taxes
ERTC,STAFF COST,Total Employer Taxes
Staff Workman's Comps,STAFF COST,Total Employer Benefits
Staff Insurance - Other,STAFF COST,Total Employer Benefits
Medical,STAFF COST,Total Employer Benefits
Dental,STAFF COST,Total Employer Benefits
Vision,STAFF COST,Total Employer Benefits
Disability,STAFF COST,Total Employer Benefits
PFL Insurance,STAFF COST,Total Employer Benefits
Staff Recruitment,STAFF COST,Total Employer Benefits
Staff Training,STAFF COST,Total Employer Benefits
Staff Uniforms,STAFF COST,Total Employer Benefits
Staff Meals,STAFF COST,Total Employer Benefits
Conveyance Charges,STAFF COST,Total Employer Benefits
Staff Accommodation/Relocation,STAFF COST,Total Employer Benefits
Staff First Aids,STAFF COST,Total Employer Benefits
Training,STAFF COST,Total Employer Benefits
Paid Time Off,STAFF COST,Total Employer Benefits
Bonus,STAFF COST,Total Employer Benefits
Vacation,STAFF COST,Total Employer Benefits
Garnishments,STAFF COST,Total Employer Benefits
G&A - Other,G&A,G&A - Other
Advertising,CONTROLLABLES,Advertising
Public Relations,CONTROLLABLES,Public Relations
Marketing - Other,CONTROLLABLES,Total Marketing Cost
Web,CONTROLLABLES,Total Marketing Cost
SEO,CONTROLLABLES,Total Marketing Cost
Social Media,CONTROLLABLES,Total Marketing Cost
Web Design & Maintenance,CONTROLLABLES,Total Marketing Cost
Branding & Design?,TOTAL OTHER EXPENSES,TOTAL OTHER EXPENSES
R & D,TOTAL OTHER EXPENSES,TOTAL OTHER EXPENSES
Event Expenses,CONTROLLABLES,Event Expenses
Delivery Commission - Other,G&A,Total Delivery Commission Fees
Grubhub Commission,G&A,Total Delivery Commission Fees
Chownow Commission,G&A,Total Delivery Commission Fees
Ezcater Commission,G&A,Total Delivery Commission Fees
CaterCow Commission,G&A,Total Delivery Commission Fees
Slice Commission,G&A,Total Delivery Commission Fees
UberEats Commission,G&A,Total Delivery Commission Fees
Doordash Commission,G&A,Total Delivery Commission Fees
Too Good To Go Commission,G&A,Total Delivery Commission Fees
Sharebite Commission,G&A,Total Delivery Commission Fees
Subscriptions,G&A,Subscriptions
Photography expense?,TOTAL OTHER EXPENSES,TOTAL OTHER EXPENSES
Complimentary Cost,G&A,Complimentary Cost
Airfare,CONTROLLABLES,Airfare
Entertainment Meals,CONTROLLABLES,Entertainment Meals
Lodging,CONTROLLABLES,Lodging
Shipping and Freight,CONTROLLABLES,Shipping and Freight
Transportation,CONTROLLABLES,Transportation
Delivery Service Fees,G&A,Delivery Service Fees
Telecommunications - Other,CONTROLLABLES,Total Telecommunication Cost
Telephones,CONTROLLABLES,Total Telecommunication Cost
Postage & Courier,G&A,Postage & Courier
Internet -Communication,CONTROLLABLES,Total Telecommunication Cost
Cable (TV),CONTROLLABLES,Total Telecommunication Cost
Controllables - Other,CONTROLLABLES,Controllables - Other
Linen & Laundrys,CONTROLLABLES,Linen & Laundry
Cleaning Supplier,CONTROLLABLES,Cleaning Supplies
Cleaning Contract Services,CONTROLLABLES,Cleaning Contract Services
Pest Controls,G&A,Pest Control
Waste Removal Service,G&A,Waste Removal Service
FIre contract service,G&A,FIre contract service
Kitchen Supplier,CONTROLLABLES,Kitchen Supplies
FOH Supplier,CONTROLLABLES,FOH Supplies
Total Cost of Sales - Paper Supplies,COST OF GOODS SOLD,Total Cost of Sales - Paper Supplies
Total Cost of Sales - Pizza Boxes,COST OF GOODS SOLD,Total Cost of Sales - Pizza Boxes
SmallWares.,CONTROLLABLES,SmallWares.
Plasticware,CONTROLLABLES,Plasticware
Glassware,CONTROLLABLES,Glassware
Barware,CONTROLLABLES,Barware
Music,G&A,Music
Décor,CONTROLLABLES,Décor
Office Supplier/Stationery,CONTROLLABLES,Office Supplies/Stationery
Menus,CONTROLLABLES,Menus
Printing and Reproduction,CONTROLLABLES,Printing and Reproduction
IT,TOTAL OTHER EXPENSES,TOTAL OTHER EXPENSES
Equipment Rental,CONTROLLABLES,Equipment Rental
Contributions,OCCUPANCY COST,Contributions
Repairs - Building,CONTROLLABLES,Repairs - Building
Repairs - Equipment,CONTROLLABLES,Repairs - Equipment
Repairs - General,CONTROLLABLES,Repairs - General
Repairs - Electrical,CONTROLLABLES,Repairs - Electrical
Repairs - Plumbing,CONTROLLABLES,Repairs - Plumbing
Repairs - Refrigeration,CONTROLLABLES,Repairs - Refrigeration
Occupancy - Other,OCCUPANCY COST,Occupancy - Other
Legal Fees,G&A,Legal Fees
Audit Fees,OTHER OPERATING EXPENSES,Audit Fees
Tax Fees,G&A,Tax Fees
Professional Fees,TOTAL OTHER EXPENSES,TOTAL OTHER EXPENSES
Accountancy Fees,G&A,Accountancy Fees
Consulting Fees,G&A,Consulting Fees
Payroll Processing Fees,G&A,Payroll Processing Fees
Credit Card Fees,G&A,Credit Card Fees
Credit Card Charges - Fania,G&A,Credit Card Charges - Fania
Credit Card Charges - Chris,G&A,Credit Card Charges - Chris
Credit Card Charges - Phil,G&A,Credit Card Charges - Phil
Chargeback (Toast),G&A,Chargeback (Toast)
Bank Charge,G&A,Bank Charges
Donations,OTHER OPERATING EXPENSES,Donations
Royalties,OTHER OPERATING EXPENSES,Royalties
Corporation Tax,TOTAL OTHER EXPENSES,TOTAL OTHER EXPENSES
Tangible Property Taxes,OTHER OPERATING EXPENSES,Tangible Property Taxes
Penalties,TOTAL OTHER EXPENSES,TOTAL OTHER EXPENSES
Interest on Tax/Penalties,G&A,Interest on Tax/Penalties
Licenses and Permits,G&A,Licenses and Permits
Payroll Admin,STAFF COST,Payroll Admin
R&M Manager,STAFF COST,R&M Manager
District Manager,STAFF COST,District Manager
Rent?,OCCUPANCY COST,Rent
Real Estate Escalation Tax,OCCUPANCY COST,Real Estate Escalation Tax
Commercial Rent Tax,OTHER OPERATING EXPENSES,Commercial Rent Tax
Electricity?,OCCUPANCY COST,Electricity
Gas?,OCCUPANCY COST,Gas
Water?,OCCUPANCY COST,Water
Insurance,G&A,Insurance
Fire Insurance,G&A,Fire Insurance
Employment Practices Liability,G&A,Employment Practices Liability
Insurance - Other,G&A,Insurance - Other
Staff Workman's Comp,G&A,Staff Workman's Comp
Commercial General Liability,G&A,Commercial General Liability
Security Services,G&A,Security Services
CAM Charges,OTHER OPERATING EXPENSES,CAM Charges
P & L Amortization - Other,P&L AMORTIZATION,P & L Amortization - Other
Fees,P&L AMORTIZATION,Fees
Interest Income,TOTAL OTHER INCOME,TOTAL OTHER INCOME
Bank Interest,TOTAL OTHER INCOME,TOTAL OTHER INCOME
Other Income,TOTAL OTHER INCOME,TOTAL OTHER INCOME
Other Income,TOTAL OTHER INCOME,TOTAL OTHER INCOME
Ask My Accountant,TOTAL OTHER EXPENSES,TOTAL OTHER EXPENSES
Embezzlement,TOTAL OTHER EXPENSES,TOTAL OTHER EXPENSES
Over/Under,TOTAL OTHER EXPENSES,TOTAL OTHER EXPENSES
Rounding Differences,TOTAL OTHER EXPENSES,TOTAL OTHER EXPENSES
Tax Interest,TOTAL OTHER EXPENSES,TOTAL OTHER EXPENSES
Tax Penalties,TOTAL OTHER EXPENSES,TOTAL OTHER EXPENSES
Exchange Differences,TOTAL OTHER EXPENSES,TOTAL OTHER EXPENSES
Management Fees,TOTAL OTHER EXPENSES,TOTAL OTHER EXPENSES
MANAGEMENT EXPENSE,TOTAL OTHER EXPENSES,TOTAL OTHER EXPENSES
Incremental Rent,TOTAL OTHER EXPENSES,TOTAL OTHER EXPENSES
P & L Depreciation,P & L Depreciation,P & L Depreciation
Interest Paid on Loans,TOTAL OTHER EXPENSES,TOTAL OTHER EXPENSES
Storage Rent?,OCCUPANCY COST,Storage Rent
Sales Tax Expense,TOTAL OTHER EXPENSES,TOTAL OTHER EXPENSES
Pre Opening Expenses - Other,TOTAL PRE OPENING EXPENSES,TOTAL PRE OPENING EXPENSES
Pre - Opening Professional Fees,TOTAL PRE OPENING EXPENSES,TOTAL PRE OPENING EXPENSES
Repairs General,TOTAL PRE OPENING EXPENSES,TOTAL PRE OPENING EXPENSES
Paper Supplies,TOTAL PRE OPENING EXPENSES,TOTAL PRE OPENING EXPENSES
SmallWares,TOTAL PRE OPENING EXPENSES,TOTAL PRE OPENING EXPENSES
Branding & Design,TOTAL PRE OPENING EXPENSES,TOTAL PRE OPENING EXPENSES
Photography expense,TOTAL PRE OPENING EXPENSES,TOTAL PRE OPENING EXPENSES
Entertainment Meal,TOTAL PRE OPENING EXPENSES,TOTAL PRE OPENING EXPENSES
Transportations,TOTAL PRE OPENING EXPENSES,TOTAL PRE OPENING EXPENSES
Kitchen Supplies,TOTAL PRE OPENING EXPENSES,TOTAL PRE OPENING EXPENSES
Office Supplies/Stationery,TOTAL PRE OPENING EXPENSES,TOTAL PRE OPENING EXPENSES
Telephone,TOTAL PRE OPENING EXPENSES,TOTAL PRE OPENING EXPENSES
Internet,TOTAL PRE OPENING EXPENSES,TOTAL PRE OPENING EXPENSES
Cable,TOTAL PRE OPENING EXPENSES,TOTAL PRE OPENING EXPENSES
Linen & Laundry,TOTAL PRE OPENING EXPENSES,TOTAL PRE OPENING EXPENSES
Cleaning Supplies,TOTAL PRE OPENING EXPENSES,TOTAL PRE OPENING EXPENSES
IT Cost,TOTAL PRE OPENING EXPENSES,TOTAL PRE OPENING EXPENSES
Foh Supplies,TOTAL PRE OPENING EXPENSES,TOTAL PRE OPENING EXPENSES
Pest Control,TOTAL PRE OPENING EXPENSES,TOTAL PRE OPENING EXPENSES
Equipment Rentals,TOTAL PRE OPENING EXPENSES,TOTAL PRE OPENING EXPENSES
Inspection,TOTAL PRE OPENING EXPENSES,TOTAL PRE OPENING EXPENSES
Accountancy Charges,TOTAL PRE OPENING EXPENSES,TOTAL PRE OPENING EXPENSES
Bank Charges,TOTAL PRE OPENING EXPENSES,TOTAL PRE OPENING EXPENSES
Security Service,TOTAL PRE OPENING EXPENSES,TOTAL PRE OPENING EXPENSES
Staff First Aid,TOTAL PRE OPENING EXPENSES,TOTAL PRE OPENING EXPENSES
Electricity,TOTAL PRE OPENING EXPENSES,TOTAL PRE OPENING EXPENSES
Gas,TOTAL PRE OPENING EXPENSES,TOTAL PRE OPENING EXPENSES
Water,TOTAL PRE OPENING EXPENSES,TOTAL PRE OPENING EXPENSES
Pizza Boxes,TOTAL PRE OPENING EXPENSES,TOTAL PRE OPENING EXPENSES
Rent,TOTAL PRE OPENING EXPENSES,TOTAL PRE OPENING EXPENSES
Storage Rent,TOTAL PRE OPENING EXPENSES,TOTAL PRE OPENING EXPENSES
Labor Expense,TOTAL PRE OPENING EXPENSES,TOTAL PRE OPENING EXPENSES
Revenue - Bev,REVENUE,TOTAL REVENUE
TOTAL OPERATING EXPENSES,TOTAL OPERATING EXPENSES,TOTAL OPERATING EXPENSES
EBITDA,EBITDA,EBITDA
PROFIT BEFORE TAX & DEPRECIATION,PROFIT BEFORE TAX & DEPRECIATION,PROFIT BEFORE TAX & DEPRECIATION
NET PROFIT/(LOSS),NET PROFIT/(LOSS),NET PROFIT/(LOSS)
Cost of Sales - Beverages,COST OF GOODS SOLD,Cost of Sales - Beverages
Revenue - Food,REVENUE,TOTAL REVENUE
Revenue - Wines,REVENUE,TOTAL REVENUE
"Revenue - Liquor, Beer & NA",REVENUE,TOTAL REVENUE
Revenue Retails,REVENUE,TOTAL REVENUE
Discount,REVENUE,TOTAL REVENUE
Sales - Tobacco,REVENUE,TOTAL REVENUE
Revenue - Other,REVENUE,TOTAL REVENUE
Cost of Sales - Food,COST OF GOODS SOLD,COST OF GOODS SOLD
Cost of Sales - Food,COST OF GOODS SOLD,Cost of Sales - Food
Cost of Sales - Food,COST OF GOODS SOLD,Cost of Sales - Food
Cost of Sales - Wine & Champagn,COST OF GOODS SOLD,COST OF GOODS SOLD
Cost of Sales - Wine & Champagn,COST OF GOODS SOLD,Cost of Sales - Wine & Champagn
Cost of Sales - Wine & Champagn,COST OF GOODS SOLD,Cost of Sales - Wine & Champagn
"Cost of Sale- Liquor, Beer & NA",COST OF GOODS SOLD,COST OF GOODS SOLD
"Cost of Sale- Liquor, Beer & NA",COST OF GOODS SOLD,"Cost of Sale- Liquor, Beer & NA"
"Cost of Sale- Liquor, Beer & NA",COST OF GOODS SOLD,"Cost of Sale- Liquor, Beer & NA"
Comps and Promos,REVENUE,TOTAL REVENUE
Other Revenue - Retail,REVENUE,TOTAL REVENUE
Use Tax on Comps,STAFF COST,TOTAL STAFF COST
Gross Profit - Food,Gross Profit - Food,Gross Profit - Food
Food & Beverage Purchases - Other,COST OF GOODS SOLD,TOTAL COST OF GOODS SOLD
Cost of Goods Sold,COST OF GOODS SOLD,TOTAL COST OF GOODS SOLD
Food Inventory - Beginning,COST OF GOODS SOLD,TOTAL COST OF GOODS SOLD
Valet Parking Charges,STAFF COST,TOTAL STAFF COST
Food Inventory - Ending,COST OF GOODS SOLD,TOTAL COST OF GOODS SOLD
Beverages,COST OF GOODS SOLD,TOTAL COST OF GOODS SOLD
Gross Profit - Wine & Champagn,Gross Profit - Wine & Champagn,Gross Profit - Wine & Champagn
Payroll Expenses,STAFF COST,TOTAL STAFF COST
Wages - F.O.H. Salaries - Other,STAFF COST,TOTAL STAFF COST
Wages - Management FOH/BOH,STAFF COST,TOTAL STAFF COST
Wages-Waitress / Hostess,STAFF COST,TOTAL STAFF COST
Wages - Management (1099),STAFF COST,TOTAL STAFF COST
Wages - FOH,STAFF COST,TOTAL STAFF COST
Wages - B.O.H. Salaries - Other,STAFF COST,TOTAL STAFF COST
Wages - Kitchen,STAFF COST,TOTAL STAFF COST
Wages - Porters,STAFF COST,TOTAL STAFF COST
Wages - Prep & Cook,STAFF COST,TOTAL STAFF COST
Wages - Dish Washers,STAFF COST,TOTAL STAFF COST
Wages - BOH,STAFF COST,TOTAL STAFF COST
Wages - Other,STAFF COST,TOTAL STAFF COST
Wages - Severance,STAFF COST,TOTAL STAFF COST
Managers - Bonus,STAFF COST,TOTAL STAFF COST
Wages - Bonus,STAFF COST,TOTAL STAFF COST
Wages - Agency,STAFF COST,TOTAL STAFF COST
Guaranteed Payments,STAFF COST,TOTAL STAFF COST
Employer Taxes - Other,STAFF COST,TOTAL STAFF COST
Federal FICA,STAFF COST,TOTAL STAFF COST
Federal FUTA,STAFF COST,TOTAL STAFF COST
State SUI,STAFF COST,TOTAL STAFF COST
MTA,STAFF COST,TOTAL STAFF COST
Staff Workman's Comp,OTHER STAFF COST,TOTAL OTHER STAFF COST
Staff Insurance,OTHER STAFF COST,TOTAL OTHER STAFF COST
Staff Recruitment,OTHER STAFF COST,TOTAL OTHER STAFF COST
Staff Training,OTHER STAFF COST,TOTAL OTHER STAFF COST
Staff Uniforms,OTHER STAFF COST,TOTAL OTHER STAFF COST
Staff Meals,OTHER STAFF COST,TOTAL OTHER STAFF COST
Staff Welfare,OTHER STAFF COST,TOTAL OTHER STAFF COST
Staff Accomodation/Relocation,OTHER STAFF COST,TOTAL OTHER STAFF COST
Staff First Aid,OTHER STAFF COST,TOTAL OTHER STAFF COST
NY Family paid & Disability Ins,STAFF COST,TOTAL STAFF COST
Advertising,ADVERTISING / PROMOTION,TOTAL ADVERTISING / PROMOTION
Public Relations,ADVERTISING / PROMOTION,TOTAL ADVERTISING / PROMOTION
R & D,ADVERTISING / PROMOTION,TOTAL ADVERTISING / PROMOTION
Event Expenses,ADVERTISING / PROMOTION,TOTAL ADVERTISING / PROMOTION
Clearing & Forwarding Charges,ADVERTISING / PROMOTION,TOTAL ADVERTISING / PROMOTION
Subscriptions,ADVERTISING / PROMOTION,TOTAL ADVERTISING / PROMOTION
Photography expense,ADVERTISING / PROMOTION,TOTAL ADVERTISING / PROMOTION
Complimentary Cost,ADVERTISING / PROMOTION,TOTAL ADVERTISING / PROMOTION
Airfare,TRAVEL & ENTERTAINMENT,TOTAL TRAVEL & ENTERTAINMENT
Lodging,TRAVEL & ENTERTAINMENT,TOTAL TRAVEL & ENTERTAINMENT
"Transport – Taxi, Metro & Fuel",TRAVEL & ENTERTAINMENT,TOTAL TRAVEL & ENTERTAINMENT
Telephone,COMMUNICATION,TOTAL COMMUNICATION
Postage/Courier,COMMUNICATION,TOTAL COMMUNICATION
Internet/Email,COMMUNICATION,TOTAL COMMUNICATION
Linen - Laundry,SUPPLIES & MAINTENANCE,TOTAL SUPPLIES & MAINTENANCE
Cleaning,SUPPLIES & MAINTENANCE,TOTAL SUPPLIES & MAINTENANCE
Cleaning Contract Services,SUPPLIES & MAINTENANCE,TOTAL SUPPLIES & MAINTENANCE
Pest Control,SUPPLIES & MAINTENANCE,TOTAL SUPPLIES & MAINTENANCE
Trash/Waste Removal Service,SUPPLIES & MAINTENANCE,TOTAL SUPPLIES & MAINTENANCE
BOH Supplies,SUPPLIES & MAINTENANCE,TOTAL SUPPLIES & MAINTENANCE
FOH Supplies,SUPPLIES & MAINTENANCE,TOTAL SUPPLIES & MAINTENANCE
Paper Supplies,SUPPLIES & MAINTENANCE,TOTAL SUPPLIES & MAINTENANCE
Packaging supply,SUPPLIES & MAINTENANCE,TOTAL SUPPLIES & MAINTENANCE
Chinaware,SUPPLIES & MAINTENANCE,TOTAL SUPPLIES & MAINTENANCE
Flatware,SUPPLIES & MAINTENANCE,TOTAL SUPPLIES & MAINTENANCE
Glassware,SUPPLIES & MAINTENANCE,TOTAL SUPPLIES & MAINTENANCE
Barware,SUPPLIES & MAINTENANCE,TOTAL SUPPLIES & MAINTENANCE
Music,SUPPLIES & MAINTENANCE,TOTAL SUPPLIES & MAINTENANCE
"Landscape, Flowers & Candles",SUPPLIES & MAINTENANCE,TOTAL SUPPLIES & MAINTENANCE
Office Supplies/Stationery,SUPPLIES & MAINTENANCE,TOTAL SUPPLIES & MAINTENANCE
IT Cost,SUPPLIES & MAINTENANCE,TOTAL SUPPLIES & MAINTENANCE
Equipment Rental,SUPPLIES & MAINTENANCE,TOTAL SUPPLIES & MAINTENANCE
Menus,SUPPLIES & MAINTENANCE,TOTAL SUPPLIES & MAINTENANCE
Repairs - Building,REPAIRS & MAINTENANCE,TOTAL REPAIRS & MAINTENANCE
Repairs - Equipment,REPAIRS & MAINTENANCE,TOTAL REPAIRS & MAINTENANCE
Repairs - General,REPAIRS & MAINTENANCE,TOTAL REPAIRS & MAINTENANCE
Legal Fees,FINANCIAL COST,TOTAL FINANCIAL COST
Audit Fees,FINANCIAL COST,TOTAL FINANCIAL COST
LLC FILING FEE,FINANCIAL COST,TOTAL FINANCIAL COST
Professional Fees,FINANCIAL COST,TOTAL FINANCIAL COST
Consulting,FINANCIAL COST,TOTAL FINANCIAL COST
Accountancy Charges,FINANCIAL COST,TOTAL FINANCIAL COST
Payroll Processing Charges,FINANCIAL COST,TOTAL FINANCIAL COST
Credit Card Charges,FINANCIAL COST,TOTAL FINANCIAL COST
Commission Expenses,STAFF COST,TOTAL STAFF COST
Bank Charges,FINANCIAL COST,TOTAL FINANCIAL COST
Interest Paid on Loans,FINANCIAL COST,TOTAL FINANCIAL COST
Donations,FINANCIAL COST,TOTAL FINANCIAL COST
Franchisee Fees,FINANCIAL COST,TOTAL FINANCIAL COST
Taxes,FINANCIAL COST,TOTAL FINANCIAL COST
Corporate Tax,FINANCIAL COST,TOTAL FINANCIAL COST
Property Tax,FINANCIAL COST,TOTAL FINANCIAL COST
Commercial Rent Tax,FINANCIAL COST,TOTAL FINANCIAL COST
Penalties,FINANCIAL COST,TOTAL FINANCIAL COST
Interest On Tax / Penalties,FINANCIAL COST,TOTAL FINANCIAL COST
License/Permit Fee,FINANCIAL COST,TOTAL FINANCIAL COST
Rent,OCCUPANCY,TOTAL OCCUPANCY
Real Estate Escalation Tax,OCCUPANCY,TOTAL OCCUPANCY
Security Services,OCCUPANCY,TOTAL OCCUPANCY
Electricity,OCCUPANCY,TOTAL OCCUPANCY
Gas,OCCUPANCY,TOTAL OCCUPANCY
Water,OCCUPANCY,TOTAL OCCUPANCY
Storage Expense,OCCUPANCY,TOTAL OCCUPANCY
Insurance,OCCUPANCY,TOTAL OCCUPANCY
Elevator Charges,OCCUPANCY,TOTAL OCCUPANCY
CAM Charges,OCCUPANCY,TOTAL OCCUPANCY
Other Charges - Other,Other Charges - Other,Other Charges - Other
Write Off - 2016,Write Off - 2016,Write Off - 2016
Write Off,Write Off,Write Off
Gross Profit - Liquor & Beer,Gross Profit - Liquor & Beer,Gross Profit - Liquor & Beer
P & L Depreciation,P & L Depreciation,P & L Depreciation
P & L Amortization,P & L Amortization,P & L Amortization
Gross Profit - Beverages,Gross Profit - Beverages,Gross Profit - Beverages
Bank Interest,Bank Interest,Bank Interest
Other Income,Other Income,Other Income
Sales Tax 2015,Sales Tax 2015,Sales Tax 2015
Write Off Tips,Write Off Tips,Write Off Tips
A/R Write Off,A/R Write Off,A/R Write Off
GROSS PROFIT,GROSS PROFIT,GROSS PROFIT
Uncategorized Expenses,Uncategorized Expenses,Uncategorized Expenses
Extra/Short,Extra/Short,Extra/Short
Uncategorized Income,Uncategorized Income,Uncategorized Income
A/P Write Off,A/P Write Off,A/P Write Off
Net Reduction of Debt,Net Reduction of Debt,Net Reduction of Debt
Loss on Dissolution,Loss on Dissolution,Loss on Dissolution
Revenue - Beverages,Revenue - Beverages,Revenue - Beverages
Gross Profit - Beverages,Gross Profit - Beverages,Gross Profit - Beverages
GROSS PROFIT,GROSS PROFIT,GROSS PROFIT
TOTAL OPERATING EXPENSES,TOTAL OPERATING EXPENSES,TOTAL OPERATING EXPENSES
EBITDA,EBITDA,EBITDA
PROFIT BEFORE TAX & DEPRECIATION,PROFIT BEFORE TAX & DEPRECIATION,PROFIT BEFORE TAX & DEPRECIATION
NET PROFIT/(LOSS),NET PROFIT/(LOSS),NET PROFIT/(LOSS)
Cost of sales - Beverages,COST OF GOODS SOLD,TOTAL COST OF GOODS SOLD
Revenue - Food,REVENUE,TOTAL REVENUE
Revenue - Summer Long,REVENUE,TOTAL REVENUE
Revenue - Food,REVENUE,TOTAL REVENUE
Revenue - Wines,REVENUE,TOTAL REVENUE
Revenue - Liquor,REVENUE,TOTAL REVENUE
Revenue - Beer,REVENUE,TOTAL REVENUE
Revenue - Other Beverages,REVENUE,TOTAL REVENUE
Revenue - Other,REVENUE,TOTAL REVENUE
Revenue - Covid Surcharge,REVENUE,TOTAL REVENUE
Other Revenue-Resy Fee,REVENUE,TOTAL REVENUE
Cost of Sales - Food,COST OF GOODS SOLD,TOTAL COST OF GOODS SOLD
Cost of Sales - Food,COST OF GOODS SOLD,TOTAL COST OF GOODS SOLD
Cost of Sales - Food,COST OF GOODS SOLD,TOTAL COST OF GOODS SOLD
Cost of Sales - Wine,COST OF GOODS SOLD,TOTAL COST OF GOODS SOLD
Cost of Sales - Wine,COST OF GOODS SOLD,TOTAL COST OF GOODS SOLD
Cost of Sales - Liquor,COST OF GOODS SOLD,TOTAL COST OF GOODS SOLD
Cost of Sales - Liquor,COST OF GOODS SOLD,TOTAL COST OF GOODS SOLD
Cost of Sales - Beer,COST OF GOODS SOLD,TOTAL COST OF GOODS SOLD
Cost of Sales - Beer,COST OF GOODS SOLD,TOTAL COST OF GOODS SOLD
Cost of Sales - Other Bev,COST OF GOODS SOLD,TOTAL COST OF GOODS SOLD
Cost of Sales - Other Bev,COST OF GOODS SOLD,TOTAL COST OF GOODS SOLD
Cost of Goods-Caviar Commission,COST OF GOODS SOLD,TOTAL COST OF GOODS SOLD
Cost of Goods - Summer Long,COST OF GOODS SOLD,TOTAL COST OF GOODS SOLD
Used Tax on Comps,TOTAL SUPPLIES & CLEANING,TOTAL SUPPLIES & CLEANING
Gross Profit - Food,Gross Profit - Food,Gross Profit - Food
Gross Profit - Wines,Gross Profit - Wines,Gross Profit - Wines
Wages - F.O.H. Line Labor,TOTAL STAFF COST,TOTAL STAFF COST
Wages - F.O.H. Line Labor,TOTAL STAFF COST,TOTAL STAFF COST
Wages - F.O.H. Line Labor,TOTAL STAFF COST,TOTAL STAFF COST
Wages - B.O.H.  Line Labor,TOTAL STAFF COST,TOTAL STAFF COST
Wages - B.O.H.  Line Labor,TOTAL STAFF COST,TOTAL STAFF COST
Wages - F.O.H Management,TOTAL STAFF COST,TOTAL STAFF COST
Management Fees,TOTAL FINANCIAL COST,TOTAL FINANCIAL COST
Chef Salaries,TOTAL STAFF COST,TOTAL STAFF COST
Chef Salaries,TOTAL STAFF COST,TOTAL STAFF COST
Wages-Bonus,TOTAL STAFF COST,TOTAL STAFF COST
Wages-SummerLong,TOTAL STAFF COST,TOTAL STAFF COST
Employer Taxes,TOTAL STAFF COST,TOTAL STAFF COST
Employer Taxes,TOTAL STAFF COST,TOTAL STAFF COST
Employer Taxes,TOTAL STAFF COST,TOTAL STAFF COST
Employer Taxes,TOTAL STAFF COST,TOTAL STAFF COST
Staff Workman's Comp,TOTAL OTHER STAFF COST,TOTAL OTHER STAFF COST
Staff Insurance,TOTAL OTHER STAFF COST,TOTAL OTHER STAFF COST
Staff Insurance,TOTAL OTHER STAFF COST,TOTAL OTHER STAFF COST
Staff Recruitment,TOTAL OTHER STAFF COST,TOTAL OTHER STAFF COST
Staff Training,TOTAL OTHER STAFF COST,TOTAL OTHER STAFF COST
Staff Uniform Re-Purchases,TOTAL OTHER STAFF COST,TOTAL OTHER STAFF COST
Staff Meals,TOTAL OTHER STAFF COST,TOTAL OTHER STAFF COST
Staff Welfare,TOTAL OTHER STAFF COST,TOTAL OTHER STAFF COST
Staff First Aid,TOTAL OTHER STAFF COST,TOTAL OTHER STAFF COST
Advertising,TOTAL PROMOTION,TOTAL PROMOTION
Mailchimp & Mailers,TOTAL PROMOTION,TOTAL PROMOTION
PR / Events,TOTAL PROMOTION,TOTAL PROMOTION
Web Design & Maintenance,TOTAL PROMOTION,TOTAL PROMOTION
Branding & Design,TOTAL PROMOTION,TOTAL PROMOTION
R&D Dining Expenses,TOTAL PROMOTION,TOTAL PROMOTION
Event Expenses,TOTAL PROMOTION,TOTAL PROMOTION
Commission Expenses,TOTAL FINANCIAL COST,TOTAL FINANCIAL COST
Valet Parking - Guest,TOTAL TRAVEL & ENTERTAINMENT,TOTAL TRAVEL & ENTERTAINMENT
Subscriptions,TOTAL COMMUNICATION,TOTAL COMMUNICATION
Complimentary Cost,TOTAL PROMOTION,TOTAL PROMOTION
Airfare,TOTAL TRAVEL & ENTERTAINMENT,TOTAL TRAVEL & ENTERTAINMENT
Travel Expenses,TOTAL TRAVEL & ENTERTAINMENT,TOTAL TRAVEL & ENTERTAINMENT
Entertainment Meals,TOTAL TRAVEL & ENTERTAINMENT,TOTAL TRAVEL & ENTERTAINMENT
Lodging,TOTAL TRAVEL & ENTERTAINMENT,TOTAL TRAVEL & ENTERTAINMENT
Taxi & Uber Charges,TOTAL TRAVEL & ENTERTAINMENT,TOTAL TRAVEL & ENTERTAINMENT
Telephone & Internet,TOTAL COMMUNICATION,TOTAL COMMUNICATION
Postage,TOTAL COMMUNICATION,TOTAL COMMUNICATION
Postage / Courier,TOTAL COMMUNICATION,TOTAL COMMUNICATION
Internet/Email,TOTAL COMMUNICATION,TOTAL COMMUNICATION
White Plains Linen & Laundry,TOTAL SUPPLIES & CLEANING,TOTAL SUPPLIES & CLEANING
Dry Cleaning & Uniforms Clean,TOTAL SUPPLIES & CLEANING,TOTAL SUPPLIES & CLEANING
Pest Control,TOTAL SUPPLIES & CLEANING,TOTAL SUPPLIES & CLEANING
Garbage Disposal,TOTAL SUPPLIES & CLEANING,TOTAL SUPPLIES & CLEANING
Cleaning Supplies,TOTAL SUPPLIES & CLEANING,TOTAL SUPPLIES & CLEANING
BOH & FOH Supplies,TOTAL SUPPLIES & CLEANING,TOTAL SUPPLIES & CLEANING
BOH Supplies / accessories,TOTAL SUPPLIES & CLEANING,TOTAL SUPPLIES & CLEANING
Platware,TOTAL SUPPLIES & CLEANING,TOTAL SUPPLIES & CLEANING
Cleaning Crew,TOTAL SUPPLIES & CLEANING,TOTAL SUPPLIES & CLEANING
FOH Supplies / accessories,TOTAL SUPPLIES & CLEANING,TOTAL SUPPLIES & CLEANING
Paper Supplies,TOTAL SUPPLIES & CLEANING,TOTAL SUPPLIES & CLEANING
Paper Supplies-SummerLong,TOTAL SUPPLIES & CLEANING,TOTAL SUPPLIES & CLEANING
Silverware,TOTAL SUPPLIES & CLEANING,TOTAL SUPPLIES & CLEANING
Glassware,TOTAL SUPPLIES & CLEANING,TOTAL SUPPLIES & CLEANING
Barware,TOTAL SUPPLIES & CLEANING,TOTAL SUPPLIES & CLEANING
Music,TOTAL SUPPLIES & CLEANING,TOTAL SUPPLIES & CLEANING
"Landscape, Flowers & Candles",TOTAL SUPPLIES & CLEANING,TOTAL SUPPLIES & CLEANING
Office Supplies/Stationery,TOTAL SUPPLIES & CLEANING,TOTAL SUPPLIES & CLEANING
Menus,TOTAL SUPPLIES & CLEANING,TOTAL SUPPLIES & CLEANING
IT Cost,TOTAL SUPPLIES & CLEANING,TOTAL SUPPLIES & CLEANING
Equipment Rental & AutoChlor,TOTAL SUPPLIES & CLEANING,TOTAL SUPPLIES & CLEANING
Repairs / Maintenance,TOTAL REPAIRS & MAINTENANCE,TOTAL REPAIRS & MAINTENANCE
"New furniture, Equipment, Upgrades and Plants",TOTAL REPAIRS & MAINTENANCE,TOTAL REPAIRS & MAINTENANCE
Other Maintenance,TOTAL REPAIRS & MAINTENANCE,TOTAL REPAIRS & MAINTENANCE
Maintenance Contracts,TOTAL REPAIRS & MAINTENANCE,TOTAL REPAIRS & MAINTENANCE
Legal Fees,TOTAL FINANCIAL COST,TOTAL FINANCIAL COST
Sales Tax Expense,TOTAL FINANCIAL COST,TOTAL FINANCIAL COST
Tax Fees,TOTAL FINANCIAL COST,TOTAL FINANCIAL COST
Professional Fees,TOTAL FINANCIAL COST,TOTAL FINANCIAL COST
Bookkeeping Services (Pchase),TOTAL FINANCIAL COST,TOTAL FINANCIAL COST
PaperChase Fees,TOTAL FINANCIAL COST,TOTAL FINANCIAL COST
Payroll Processing Charges,TOTAL FINANCIAL COST,TOTAL FINANCIAL COST
Credit Card Charges,TOTAL FINANCIAL COST,TOTAL FINANCIAL COST
Bank Charges,TOTAL FINANCIAL COST,TOTAL FINANCIAL COST
Donations,TOTAL FINANCIAL COST,TOTAL FINANCIAL COST
Penalties,TOTAL FINANCIAL COST,TOTAL FINANCIAL COST
Licenses and Permits,TOTAL FINANCIAL COST,TOTAL FINANCIAL COST
Charity,TOTAL FINANCIAL COST,TOTAL FINANCIAL COST
Consulting Fees,TOTAL FINANCIAL COST,TOTAL FINANCIAL COST
Rent,TOTAL OCCUPANCY,TOTAL OCCUPANCY
Electricity,TOTAL OCCUPANCY,TOTAL OCCUPANCY
Gas,TOTAL OCCUPANCY,TOTAL OCCUPANCY
Water,TOTAL OCCUPANCY,TOTAL OCCUPANCY
Storage Rent &Vestibule Storage,TOTAL OCCUPANCY,TOTAL OCCUPANCY
General Liability Insurance,TOTAL OCCUPANCY,TOTAL OCCUPANCY
Security Services,TOTAL OCCUPANCY,TOTAL OCCUPANCY
Gross Profit - Liquor,Gross Profit - Liquor,Gross Profit - Liquor
P & L Depreciation,PL Depreciation & Amortization,PL Depreciation & Amortization
P & L Amortization,PL Depreciation & Amortization,PL Depreciation & Amortization
Gross Profit - Beer,Gross Profit - Beer,Gross Profit - Beer
Other Income,Other Income & Expenses,Other Income & Expenses
Other Income,Other Income & Expenses,Other Income & Expenses
Gross Profit - Other Bev,Gross Profit - Other Bev,Gross Profit - Other Bev
Uncategorized / Other Expenses,Other Income & Expenses,Other Income & Expenses
Uncategorized / Other Expenses,Other Income & Expenses,Other Income & Expenses
Uncategorized / Other Expenses,Other Income & Expenses,Other Income & Expenses
Write Off,Other Income & Expenses,Other Income & Expenses
Non-Operating Expenses,Non-Operating Expenses,Non-Operating Expenses
Business Development Cost ,Business Development Cost ,Business Development Cost 
Revenue - Beverages,REVENUE,REVENUE
COST OF GOODS SOLD,COST OF GOODS SOLD,COST OF GOODS SOLD
Gross Profit - Food,Gross Profit - Food,Gross Profit - Food
Gross Profit - Tea/Coffee,Gross Profit - Tea/Coffee,Gross Profit - Tea/Coffee
Gross Profit - Wines,Gross Profit - Wines,Gross Profit - Wines
Gross Profit - Liquor,Gross Profit - Liquor,Gross Profit - Liquor
Gross Profit - Other Bev,Gross Profit - Other Bev,Gross Profit - Other Bev
Gross Profit - Retails,Gross Profit - Retails,Gross Profit - Retails
Gross Profit - Non-Revenue Service Charge,Gross Profit - Non-Revenue Service Charge,Gross Profit - Non-Revenue Service Charge
GROSS PROFIT,GROSS PROFIT,GROSS PROFIT
TOTAL OPERATING EXPENSES,TOTAL OPERATING EXPENSES,TOTAL OPERATING EXPENSES
EBITDA,EBITDA,EBITDA
Revenue - Food,REVENUE,REVENUE
Revenue - Tea/Coffee,REVENUE,REVENUE
Revenue - Wines,REVENUE,REVENUE
Revenue - Liquor,REVENUE,REVENUE
Revenue - Other Bev,REVENUE,REVENUE
Non-Revenue Service Charge,REVENUE,REVENUE
Revenue - Retails,REVENUE,REVENUE
PROFIT BEFORE TAX & DEPRECIATION,PROFIT BEFORE TAX & DEPRECIATION,PROFIT BEFORE TAX & DEPRECIATION
NET PROFIT/(LOSS),NET PROFIT/(LOSS),NET PROFIT/(LOSS)
Food - Others,Cost of Sales - Food,Cost of Sales - Food
Food Purchases,Cost of Sales - Food,Cost of Sales - Food
Food - Stock Adjustment,Cost of Sales - Food,Cost of Sales - Food
Tea/Coffee - Others,Cost of Sales - Tea/Coffee,Cost of Sales - Tea/Coffee
Tea/Coffee Purchases,Cost of Sales - Tea/Coffee,Cost of Sales - Tea/Coffee
Tea/Coffee - Stock Adjustment,Cost of Sales - Tea/Coffee,Cost of Sales - Tea/Coffee
Wines - Others,Cost of Sales - Wines,Cost of Sales - Wines
Wine Purchase,Cost of Sales - Wines,Cost of Sales - Wines
Wine - Stock Adjustment,Cost of Sales - Wines,Cost of Sales - Wines
Wine Consignment - Others,Cost of Sales -Wine Consignment,Cost of Sales -Wine Consignment
Wine Consignment Purchase,Cost of Sales -Wine Consignment,Cost of Sales -Wine Consignment
Wine Consignment- Stock Adjust,Cost of Sales -Wine Consignment,Cost of Sales -Wine Consignment
Liquor - Others,Cost of Sales - Liquor,Cost of Sales - Liquor
Liquor Purchase,Cost of Sales - Liquor,Cost of Sales - Liquor
Liquor - Stock Adjustment,Cost of Sales - Liquor,Cost of Sales - Liquor
Beer - Others,Cost of Sales - Beer,Cost of Sales - Beer
Beer Purchases,Cost of Sales - Beer,Cost of Sales - Beer
Beer - Stock Adjustment,Cost of Sales - Beer,Cost of Sales - Beer
Cost of Sales - Other Bev,Cost of Sales - Other Bev,Cost of Sales - Other Bev
Wages - F.O.H. Salaries,STAFF COST,STAFF COST
Wages - F.O.H. Salaries,STAFF COST,STAFF COST
Wages - F.O.H. Salaries,STAFF COST,STAFF COST
Wages - F.O.H. Salaries,STAFF COST,STAFF COST
Wages - F.O.H. Salaries,STAFF COST,STAFF COST
Wages - B.O.H. Salaries,STAFF COST,STAFF COST
Wages - B.O.H. Salaries,STAFF COST,STAFF COST
Wages - B.O.H. Salaries,STAFF COST,STAFF COST
Wages - B.O.H. Salaries,STAFF COST,STAFF COST
Wages - B.O.H. Salaries,STAFF COST,STAFF COST
Wages - B.O.H. Salaries,STAFF COST,STAFF COST
Wages - B.O.H. Salaries,STAFF COST,STAFF COST
Wages - B.O.H. Salaries,STAFF COST,STAFF COST
Wages – Contractor,STAFF COST,STAFF COST
Wages - Bonus,STAFF COST,STAFF COST
Wages - Others,STAFF COST,STAFF COST
Wages - Agency,STAFF COST,STAFF COST
Cash - Wages,STAFF COST,STAFF COST
Wages-Commission,STAFF COST,STAFF COST
Employer Taxes,STAFF COST,STAFF COST
Employer Taxes,STAFF COST,STAFF COST
Employer Taxes,STAFF COST,STAFF COST
Employer Taxes,STAFF COST,STAFF COST
Employer Taxes,STAFF COST,STAFF COST
Employer Taxes,STAFF COST,STAFF COST
Employer Taxes,STAFF COST,STAFF COST
Staff Workman's Comp,OTHER STAFF COST,OTHER STAFF COST
Staff Insurance,OTHER STAFF COST,OTHER STAFF COST
Staff Recruitment,OTHER STAFF COST,OTHER STAFF COST
Staff Training,OTHER STAFF COST,OTHER STAFF COST
Staff Uniforms,OTHER STAFF COST,OTHER STAFF COST
Staff Meals,OTHER STAFF COST,OTHER STAFF COST
Staff Welfare,OTHER STAFF COST,OTHER STAFF COST
Staff Accommodation,OTHER STAFF COST,OTHER STAFF COST
Staff First Aid,OTHER STAFF COST,OTHER STAFF COST
Steven's Personal Expense,OTHER STAFF COST,OTHER STAFF COST
Advertising,ADVERTISING/PROMOTION,ADVERTISING/PROMOTION
Public Relations,ADVERTISING/PROMOTION,ADVERTISING/PROMOTION
Web Design,ADVERTISING/PROMOTION,ADVERTISING/PROMOTION
Event Expenses,ADVERTISING/PROMOTION,ADVERTISING/PROMOTION
Charge Back - Covid,FINANCIAL COST,FINANCIAL COST
Fees / Commisions,FINANCIAL COST,FINANCIAL COST
Commission Expense,ADVERTISING/PROMOTION,ADVERTISING/PROMOTION
Subscriptions,ADVERTISING/PROMOTION,ADVERTISING/PROMOTION
Photography expense,ADVERTISING/PROMOTION,ADVERTISING/PROMOTION
Complimentary Cost,ADVERTISING/PROMOTION,ADVERTISING/PROMOTION
Advertising,ADVERTISING/PROMOTION,ADVERTISING/PROMOTION
Airfare,TRAVEL & ENTERTAINMENT,TRAVEL & ENTERTAINMENT
Entertainment Meals,ADVERTISING/PROMOTION,ADVERTISING/PROMOTION
Lodging,TRAVEL & ENTERTAINMENT,TRAVEL & ENTERTAINMENT
Transport – Charges,TRAVEL & ENTERTAINMENT,TRAVEL & ENTERTAINMENT
Shipping Charges,TRAVEL & ENTERTAINMENT,TRAVEL & ENTERTAINMENT
Telephone,COMMUNICATION,COMMUNICATION
Postage/Courier,COMMUNICATION,COMMUNICATION
Linen & Laundry,SUPPLIES & MAINTENANCE,SUPPLIES & MAINTENANCE
Cleaning,SUPPLIES & MAINTENANCE,SUPPLIES & MAINTENANCE
Cleaning Contract Services,SUPPLIES & MAINTENANCE,SUPPLIES & MAINTENANCE
Pest Control,SUPPLIES & MAINTENANCE,SUPPLIES & MAINTENANCE
Trash/Waste Removal Service,SUPPLIES & MAINTENANCE,SUPPLIES & MAINTENANCE
BOH Supplies / accessories,SUPPLIES & MAINTENANCE,SUPPLIES & MAINTENANCE
FOH Supplies / accessories,SUPPLIES & MAINTENANCE,SUPPLIES & MAINTENANCE
Paper Supplies,SUPPLIES & MAINTENANCE,SUPPLIES & MAINTENANCE
Packing supply,SUPPLIES & MAINTENANCE,SUPPLIES & MAINTENANCE
Flatware,SUPPLIES & MAINTENANCE,SUPPLIES & MAINTENANCE
Glassware,SUPPLIES & MAINTENANCE,SUPPLIES & MAINTENANCE
Barware,SUPPLIES & MAINTENANCE,SUPPLIES & MAINTENANCE
Music,SUPPLIES & MAINTENANCE,SUPPLIES & MAINTENANCE
Flowers & Candles,SUPPLIES & MAINTENANCE,SUPPLIES & MAINTENANCE
Office Supplies,SUPPLIES & MAINTENANCE,SUPPLIES & MAINTENANCE
Menus,SUPPLIES & MAINTENANCE,SUPPLIES & MAINTENANCE
IT Cost,SUPPLIES & MAINTENANCE,SUPPLIES & MAINTENANCE
Repairs - Building,REPAIR & MAINTENANCE,REPAIR & MAINTENANCE
Repairs - Equipment,REPAIR & MAINTENANCE,REPAIR & MAINTENANCE
Repairs - General,REPAIR & MAINTENANCE,REPAIR & MAINTENANCE
Legal Fees,FINANCIAL COST,FINANCIAL COST
Tax Fees,FINANCIAL COST,FINANCIAL COST
Professional Fees,FINANCIAL COST,FINANCIAL COST
Accountancy Charges,FINANCIAL COST,FINANCIAL COST
Payroll Charges,FINANCIAL COST,FINANCIAL COST
Credit Card Charges,FINANCIAL COST,FINANCIAL COST
Bank Charges,FINANCIAL COST,FINANCIAL COST
Interest on Loans,Interest on Loans,Interest on Loans
Donations,FINANCIAL COST,FINANCIAL COST
Royalties-Trademark Agreement,FINANCIAL COST,FINANCIAL COST
NYC LLC FILLING FEES,FINANCIAL COST,FINANCIAL COST
Penalties,FINANCIAL COST,FINANCIAL COST
Interest on Tax / Penalties,FINANCIAL COST,FINANCIAL COST
License & Permit,FINANCIAL COST,FINANCIAL COST
Bad Debts,FINANCIAL COST,FINANCIAL COST
Rent,OCCUPANCY,OCCUPANCY
Real Estate Escalation Tax,OCCUPANCY,OCCUPANCY
Electricity,OCCUPANCY,OCCUPANCY
Gas,OCCUPANCY,OCCUPANCY
Water,OCCUPANCY,OCCUPANCY
Storage Rent,OCCUPANCY,OCCUPANCY
Insurance,OCCUPANCY,OCCUPANCY
Security Services,OCCUPANCY,OCCUPANCY
Monitoring charges,OCCUPANCY,OCCUPANCY
Used Tax on Comps,ADVERTISING/PROMOTION,ADVERTISING/PROMOTION
Collected by Steven for Rent,OCCUPANCY,OCCUPANCY
Bank Interest,Bank Interest,Bank Interest
Other Income,Other Income,Other Income
Other Charges,Other Charges,Other Charges
AR Chargeback,Other Income,Other Income
Tips Paid,Tips Paid,Tips Paid
Cost of Sales - Beverages,Cost of Sales - Beverages,Cost of Sales - Beverages
Ask My Accountant,Ask My Accountant,Ask My Accountant
Written Off,Written Off,Written Off
P & L Amortization,PL Depreciation & Amortization,PL Depreciation & Amortization
P & L Depreciation,PL Depreciation & Amortization,PL Depreciation & Amortization
Total Alcoholic Beverages,REVENUE,REVENUE
Gross Profit - Wines,Gross Profit - Wines,Gross Profit - Wines
Gross Profit - Liquor,Gross Profit - Liquor,Gross Profit - Liquor
Gross Profit - Beer,Gross Profit - Beer,Gross Profit - Beer
Gross Profit - Other Bev,Gross Profit - Other Bev,Gross Profit - Other Bev
Gross Profit - Other,Gross Profit - Other,Gross Profit - Other
GROSS PROFIT,GROSS PROFIT,GROSS PROFIT
TOTAL OPERATING EXPENSES,TOTAL OPERATING EXPENSES,TOTAL OPERATING EXPENSES
EBITDA,EBITDA,EBITDA
PROFIT BEFORE TAX & DEPRECIATION,PROFIT BEFORE TAX & DEPRECIATION,PROFIT BEFORE TAX & DEPRECIATION
NET PROFIT/(LOSS),NET PROFIT/(LOSS),NET PROFIT/(LOSS)
Food,REVENUE,REVENUE
Wines,REVENUE,REVENUE
Liquor,REVENUE,REVENUE
Beer,REVENUE,REVENUE
Other Beverages,REVENUE,REVENUE
Retails,REVENUE,REVENUE
Event Revenue - Other,REVENUE,REVENUE
Event-Food,REVENUE,REVENUE
Event-Other Beverages,REVENUE,REVENUE
Admin/ Room / Other,REVENUE,REVENUE
Cost of Sales - Food,COST OF GOODS SOLD,COST OF GOODS SOLD
Cost of Sales - Food,COST OF GOODS SOLD,COST OF GOODS SOLD
Cost of Sales - Food,COST OF GOODS SOLD,COST OF GOODS SOLD
Cost of Sales - Wine,COST OF GOODS SOLD,COST OF GOODS SOLD
Cost of Sales - Wine,COST OF GOODS SOLD,COST OF GOODS SOLD
Cost of Sales - Wine,COST OF GOODS SOLD,COST OF GOODS SOLD
Cost of Sales - Liquor,COST OF GOODS SOLD,COST OF GOODS SOLD
Cost of Sales - Liquor,COST OF GOODS SOLD,COST OF GOODS SOLD
Cost of Sales - Liquor,COST OF GOODS SOLD,COST OF GOODS SOLD
Cost of Sales - Beer,COST OF GOODS SOLD,COST OF GOODS SOLD
Cost of Sales - Beer,COST OF GOODS SOLD,COST OF GOODS SOLD
Cost of Sales - Beer,COST OF GOODS SOLD,COST OF GOODS SOLD
Cost of Sales - Other Bev,COST OF GOODS SOLD,COST OF GOODS SOLD
Cost of Sales - Other Bev,COST OF GOODS SOLD,COST OF GOODS SOLD
Cost of Sales - Other Bev,COST OF GOODS SOLD,COST OF GOODS SOLD
Discount Food,REVENUE,REVENUE
Discount Wines,REVENUE,REVENUE
Discount Liquor,REVENUE,REVENUE
Discount Beer,REVENUE,REVENUE
Discount Other Bveverages,REVENUE,REVENUE
Discount on Event-Food,REVENUE,REVENUE
Discount on Event-Other Beverages,REVENUE,REVENUE
Discount on Admin/ Room / Other,REVENUE,REVENUE
Labor Cost - Other,STAFF COST,Labor Cost - Other
Wage Cost - Other,STAFF COST,Wage Cost - Other
Wages - F.O.H. Salaried,STAFF COST,Wages - F.O.H. Salaried
Wages - F.O.H. Salaried,STAFF COST,Wages - F.O.H. Salaried
Wages - F.O.H. Salaried,STAFF COST,Wages - F.O.H. Salaried
Wages - F.O.H. Salaried,STAFF COST,Wages - F.O.H. Salaried
Wages - F.O.H. Hourly,STAFF COST,Wages - F.O.H. Hourly
Wages - F.O.H. Hourly,STAFF COST,Wages - F.O.H. Hourly
Wages - F.O.H. Hourly,STAFF COST,Wages - F.O.H. Hourly
Wages - F.O.H. Hourly,STAFF COST,Wages - F.O.H. Hourly
Wages - F.O.H. Hourly,STAFF COST,Wages - F.O.H. Hourly
Wages - F.O.H. Hourly,STAFF COST,Wages - F.O.H. Hourly
Wages - F.O.H. Hourly,STAFF COST,Wages - F.O.H. Hourly
Wages - F.O.H. Hourly,STAFF COST,Wages - F.O.H. Hourly
Wages - F.O.H. Hourly,STAFF COST,Wages - F.O.H. Hourly
Wages - F.O.H. Hourly,STAFF COST,Wages - F.O.H. Hourly
Wages - F.O.H. Hourly - OT,STAFF COST,Wages - F.O.H. Hourly - OT
Wages - F.O.H. Hourly,STAFF COST,Wages - F.O.H. Hourly
Wages - F.O.H. Hourly - OT,STAFF COST,Wages - F.O.H. Hourly - OT
Wages - F.O.H. Hourly - OT,STAFF COST,Wages - F.O.H. Hourly - OT
Wages - F.O.H. Hourly - OT,STAFF COST,Wages - F.O.H. Hourly - OT
Wages - F.O.H. Hourly - OT,STAFF COST,Wages - F.O.H. Hourly - OT
Wages - F.O.H. Hourly - OT,STAFF COST,Wages - F.O.H. Hourly - OT
Wages - F.O.H. Hourly - OT,STAFF COST,Wages - F.O.H. Hourly - OT
Wages - B.O.H. Salaried,STAFF COST,Wages - B.O.H. Salaried
Wages - B.O.H. Salaried,STAFF COST,Wages - B.O.H. Salaried
Wages - B.O.H. Salaried,STAFF COST,Wages - B.O.H. Salaried
Wages - B.O.H. Salaried,STAFF COST,Wages - B.O.H. Salaried
Wages - B.O.H. Hourly,STAFF COST,Wages - B.O.H. Hourly
Wages - B.O.H. Hourly,STAFF COST,Wages - B.O.H. Hourly
Wages - B.O.H. Hourly,STAFF COST,Wages - B.O.H. Hourly
Wages - B.O.H. Hourly,STAFF COST,Wages - B.O.H. Hourly
Wages - B.O.H. Hourly,STAFF COST,Wages - B.O.H. Hourly
Wages - B.O.H. Hourly,STAFF COST,Wages - B.O.H. Hourly
Wages - B.O.H. Hourly - OT,STAFF COST,Wages - B.O.H. Hourly - OT
Wages - B.O.H. Hourly - OT,STAFF COST,Wages - B.O.H. Hourly - OT
Wages - B.O.H. Hourly - OT,STAFF COST,Wages - B.O.H. Hourly - OT
Wages - B.O.H. Hourly - OT,STAFF COST,Wages - B.O.H. Hourly - OT
Employer Taxes,STAFF COST,Employer Taxes
Employer Taxes,STAFF COST,Employer Taxes
Employer Taxes,STAFF COST,Employer Taxes
Employer Taxes,STAFF COST,Employer Taxes
Employer Taxes,STAFF COST,Employer Taxes
Employer Taxes,STAFF COST,Employer Taxes
Employer Taxes,STAFF COST,Employer Taxes
Other Staff Costs - Other,OTHER STAFF COST,OTHER STAFF COST
Contract Labor - Other,OTHER STAFF COST,OTHER STAFF COST
Wages - Agency,OTHER STAFF COST,OTHER STAFF COST
Wages - 1099,OTHER STAFF COST,OTHER STAFF COST
Wages - Security - 1099,OTHER STAFF COST,OTHER STAFF COST
Employee Benefits - Other,OTHER STAFF COST,OTHER STAFF COST
Workers' Compensation Insurance,OTHER STAFF COST,OTHER STAFF COST
Staff Recruitment,OTHER STAFF COST,OTHER STAFF COST
Staff Training,OTHER STAFF COST,OTHER STAFF COST
Staff Uniforms,OTHER STAFF COST,OTHER STAFF COST
Staff Meals,OTHER STAFF COST,OTHER STAFF COST
Staff Welfare,OTHER STAFF COST,OTHER STAFF COST
Staff Accommodation/Relocation,OTHER STAFF COST,OTHER STAFF COST
Staff First Aid,OTHER STAFF COST,OTHER STAFF COST
Employee commuter benefit,OTHER STAFF COST,OTHER STAFF COST
401K,OTHER STAFF COST,OTHER STAFF COST
Staff Insurance,OTHER STAFF COST,OTHER STAFF COST
Advertising and Promotion - Other,ADVERTISING / PROMOTION,ADVERTISING / PROMOTION
Advertising,ADVERTISING / PROMOTION,ADVERTISING / PROMOTION
Public Relations,ADVERTISING / PROMOTION,ADVERTISING / PROMOTION
Branding & Design,ADVERTISING / PROMOTION,ADVERTISING / PROMOTION
R & D,ADVERTISING / PROMOTION,ADVERTISING / PROMOTION
Event Expenses,ADVERTISING / PROMOTION,ADVERTISING / PROMOTION
Commission Expense,ADVERTISING / PROMOTION,ADVERTISING / PROMOTION
Subscriptions,ADVERTISING / PROMOTION,ADVERTISING / PROMOTION
Photography expense,ADVERTISING / PROMOTION,ADVERTISING / PROMOTION
Complimentary Cost,ADVERTISING / PROMOTION,ADVERTISING / PROMOTION
Travel and Entertainment - Other,TRAVEL & ENTERTAINMENT,TRAVEL & ENTERTAINMENT
Airfare,TRAVEL & ENTERTAINMENT,TRAVEL & ENTERTAINMENT
Meals & Entertainment,TRAVEL & ENTERTAINMENT,TRAVEL & ENTERTAINMENT
Lodging,TRAVEL & ENTERTAINMENT,TRAVEL & ENTERTAINMENT
Delivery Charges,TRAVEL & ENTERTAINMENT,TRAVEL & ENTERTAINMENT
Taxi Charges & Local Travel,TRAVEL & ENTERTAINMENT,TRAVEL & ENTERTAINMENT
Auto Expense,TRAVEL & ENTERTAINMENT,TRAVEL & ENTERTAINMENT
General & Admin Expenses - Other,PROFESSIONAL FEE,PROFESSIONAL FEE
Web Design & Maintenance,TRAVEL & ENTERTAINMENT,TRAVEL & ENTERTAINMENT
Valet Parking - Guest,TRAVEL & ENTERTAINMENT,TRAVEL & ENTERTAINMENT
Clearing and Freight charges,TRAVEL & ENTERTAINMENT,TRAVEL & ENTERTAINMENT
Sales Adjustments,REVENUE,REVENUE
Sales Adjustments,REVENUE,REVENUE
Supplies and Maintenance - Other,SUPPLIES & MAINTENANCE,SUPPLIES & MAINTENANCE
Linen & Laundry,SUPPLIES & MAINTENANCE,SUPPLIES & MAINTENANCE
Cleaning Supplies,SUPPLIES & MAINTENANCE,SUPPLIES & MAINTENANCE
Cleaning Contract Services,SUPPLIES & MAINTENANCE,SUPPLIES & MAINTENANCE
Pest Control,SUPPLIES & MAINTENANCE,SUPPLIES & MAINTENANCE
Trash/Waste Removal Service,SUPPLIES & MAINTENANCE,SUPPLIES & MAINTENANCE
BOH Supplies & Accessories,SUPPLIES & MAINTENANCE,SUPPLIES & MAINTENANCE
FOH Supplies & Accessories,SUPPLIES & MAINTENANCE,SUPPLIES & MAINTENANCE
Paper Supplies,SUPPLIES & MAINTENANCE,SUPPLIES & MAINTENANCE
Packaging Supplies,SUPPLIES & MAINTENANCE,SUPPLIES & MAINTENANCE
Chinaware,SUPPLIES & MAINTENANCE,SUPPLIES & MAINTENANCE
Flatware,SUPPLIES & MAINTENANCE,SUPPLIES & MAINTENANCE
Glassware,SUPPLIES & MAINTENANCE,SUPPLIES & MAINTENANCE
Barware,SUPPLIES & MAINTENANCE,SUPPLIES & MAINTENANCE
Music,SUPPLIES & MAINTENANCE,SUPPLIES & MAINTENANCE
"Landscape, Flowers & Candles",SUPPLIES & MAINTENANCE,SUPPLIES & MAINTENANCE
Office Supplies/Stationery,SUPPLIES & MAINTENANCE,SUPPLIES & MAINTENANCE
Menus,SUPPLIES & MAINTENANCE,SUPPLIES & MAINTENANCE
IT Cost,SUPPLIES & MAINTENANCE,SUPPLIES & MAINTENANCE
Equipment Rental,SUPPLIES & MAINTENANCE,SUPPLIES & MAINTENANCE
Repairs - Building,REPAIRS & MAINTENANCE,REPAIRS & MAINTENANCE
Repairs - Equipment,REPAIRS & MAINTENANCE,REPAIRS & MAINTENANCE
Repairs - General,REPAIRS & MAINTENANCE,REPAIRS & MAINTENANCE
Postage & Courier,SUPPLIES & MAINTENANCE,SUPPLIES & MAINTENANCE
Professional Fees - Other,PROFESSIONAL FEE,PROFESSIONAL FEE
Legal Fees,PROFESSIONAL FEE,PROFESSIONAL FEE
Audit Fees,PROFESSIONAL FEE,PROFESSIONAL FEE
Tax Fees,PROFESSIONAL FEE,PROFESSIONAL FEE
Professional Fees,PROFESSIONAL FEE,PROFESSIONAL FEE
Accounting Fees,PROFESSIONAL FEE,PROFESSIONAL FEE
Consulting Fees,PROFESSIONAL FEE,PROFESSIONAL FEE
Car Insurance,FINANCIAL COST,FINANCIAL COST
Payroll Processing Charges,FINANCIAL COST,FINANCIAL COST
Credit Card Charges,FINANCIAL COST,FINANCIAL COST
Bank Charges,FINANCIAL COST,FINANCIAL COST
Donations,FINANCIAL COST,FINANCIAL COST
Royalties,FINANCIAL COST,FINANCIAL COST
Tangible Property Taxes,FINANCIAL COST,FINANCIAL COST
Penalties,FINANCIAL COST,FINANCIAL COST
"Licenses, Permits, and Filing F",FINANCIAL COST,FINANCIAL COST
Sales and Use Tax - Charged,FINANCIAL COST,FINANCIAL COST
Insurance Expense,FINANCIAL COST,FINANCIAL COST
Insurance Expense,FINANCIAL COST,FINANCIAL COST
Insurance Expense,FINANCIAL COST,FINANCIAL COST
Insurance Expense,FINANCIAL COST,FINANCIAL COST
Occupancy Costs - Other,OCCUPANCY,OCCUPANCY
Rent,OCCUPANCY,OCCUPANCY
Percentage Rent,OCCUPANCY,OCCUPANCY
Real Estate Escalation Tax,OCCUPANCY,OCCUPANCY
Commercial Rent Tax,OCCUPANCY,OCCUPANCY
Electricity,OCCUPANCY,OCCUPANCY
Gas,OCCUPANCY,OCCUPANCY
Water,OCCUPANCY,OCCUPANCY
Storage Rent,OCCUPANCY,OCCUPANCY
Security and Alarm,OCCUPANCY,OCCUPANCY
CAM Charges,OCCUPANCY,OCCUPANCY
Internet /Telephone,OCCUPANCY,OCCUPANCY
Corporate Tax Expense,FINANCIAL COST,FINANCIAL COST
Uncategorized Expenses,FINANCIAL COST,FINANCIAL COST
Uncategorized Expenses-69800,FINANCIAL COST,FINANCIAL COST
Total Cost of Sales - Alcoholic Beverages,COST OF GOODS SOLD,COST OF GOODS SOLD
COST OF GOODS SOLD,COST OF GOODS SOLD,COST OF GOODS SOLD
Other Income,Other Income & Expenses,Other Income & Expenses
Other Income,Other Income & Expenses,Other Income & Expenses
Other Income,Other Income & Expenses,Other Income & Expenses
Gross Profit - Food,Gross Profit - Food,Gross Profit - Food
Interest Expense - Other,Other Income & Expenses,Other Income & Expenses
Interest Paid on Loans - 1,Other Income & Expenses,Other Income & Expenses
Depreciation Expense,P & L Depreciation & Amortization,P & L Depreciation & Amortization
Amortization Expense,P & L Depreciation & Amortization,P & L Depreciation & Amortization
Other Expenses - Other,Other Income & Expenses,Other Income & Expenses
Cash Over/short,Other Income & Expenses,Other Income & Expenses
Miscellaneous Expenses,Other Income & Expenses,Other Income & Expenses
Rounding Differences,Other Income & Expenses,Other Income & Expenses
Over/Short Tips,Other Income & Expenses,Other Income & Expenses
